epoch,elbo,nll,kl,prior_std
1,[601271.9],76978.195,[524293.75],9.906127229583648
2,[556547.3],33223.12,[523324.1],9.812254421356283
3,[547444.94],25207.99,[522237.12],9.718381928508556
4,[542277.],21278.102,[520999.06],9.624510127702319
5,[538080.6],18446.219,[519634.62],9.530638778475328
6,[534527.6],16347.437,[518180.34],9.436768133737475
7,[531280.5],14621.686,[516658.75],9.342898268446111
8,[528446.3],13350.81,[515095.28],9.249029092685035
9,[525601.4],12107.031,[513494.4],9.155160732067452
10,[523324.44],11446.013,[511878.72],9.061293361737526
11,[520899.97],10634.475,[510265.88],8.967426933308351
12,[518640.38],9976.782,[508663.4],8.873561604004035
13,[516408.4],9352.913,[507055.75],8.779697770558395
14,[514406.8],8958.425,[505448.66],8.685835099855824
15,[512457.44],8616.366,[503841.06],8.591973942225959
16,[510596.88],8357.153,[502239.7],8.498114393888947
17,[508528.78],7883.198,[500646.1],8.404256632342692
18,[506623.03],7568.9014,[499054.16],8.31040088364927
19,[505074.4],7604.7534,[497469.62],8.216547307474558
20,[503049.12],7143.556,[495905.53],8.122696059280363
21,[501328.16],6968.043,[494360.03],8.02884744749384
22,[499561.9],6736.8496,[492824.8],7.935002325163451
23,[497914.22],6601.1504,[491312.7],7.841162550697937
24,[496096.8],6282.3555,[489814.9],7.747326413226585
25,[494599.44],6277.647,[488321.97],7.653493867314587
26,[492963.7],6127.616,[486835.9],7.559665594225489
27,[491160.66],5806.373,[485354.3],7.465842066560797
28,[489738.44],5851.5063,[483887.22],7.372023421288632
29,[488257.75],5806.888,[482451.03],7.27821041220798
30,[486566.38],5549.1353,[481017.16],7.184403403589537
31,[485132.1],5542.8604,[479589.],7.090603125484021
32,[483534.4],5341.302,[478192.97],6.996810139552928
33,[481919.25],5110.6235,[476808.78],6.903025237884357
34,[480539.56],5118.489,[475421.16],6.809249134481888
35,[479079.56],5038.6733,[474040.8],6.715482813209848
36,[477716.16],5042.5625,[472673.34],6.621727192758405
37,[476256.1],4931.036,[471325.34],6.5279832593838645
38,[474688.75],4711.5605,[469977.7],6.43425227233232
39,[473480.7],4845.6733,[468635.1],6.340535289088807
40,[472248.88],4926.3364,[467322.38],6.246833954912392
41,[470825.9],4799.508,[466026.16],6.1531495947822075
42,[469309.16],4567.507,[464741.62],6.059483851163301
43,[468029.34],4574.9053,[463454.28],5.965838777170016
44,[466854.78],4671.6265,[462183.4],5.872216386479669
45,[465432.12],4505.376,[460926.8],5.778618592640696
46,[464311.88],4637.995,[459673.94],5.685048099817323
47,[463052.78],4615.1553,[458437.47],5.591507238183328
48,[461606.8],4382.915,[457223.72],5.497999421222021
49,[460366.66],4350.904,[456015.56],5.404527412915042
50,[459111.7],4305.732,[454805.66],5.311094807037696
51,[458068.16],4476.1416,[453592.03],5.217705617555801
52,[456622.9],4215.5073,[452407.],5.124363988471227
53,[455663.75],4437.201,[451226.62],5.0310744989180405
54,[454434.06],4365.4976,[450068.78],4.937842312332156
55,[453090.7],4177.7866,[448912.62],4.844672786704248
56,[451976.3],4219.025,[447757.53],4.751572154505305
57,[450771.56],4159.656,[446612.],4.658547142546254
58,[449613.84],4142.235,[445471.38],4.565604741791032
59,[448473.06],4123.5205,[444349.7],4.472753284392349
60,[447354.22],4121.5317,[443232.6],4.380001269576313
61,[446305.6],4186.7725,[442118.75],4.287358357723067
62,[445148.47],4129.968,[441018.28],4.194835069058208
63,[444029.8],4094.1167,[439935.44],4.102442458484719
64,[442783.12],3925.4011,[438857.7],4.010193097131962
65,[441853.6],4074.865,[437778.72],3.918102206866732
66,[440811.16],4092.6614,[436718.25],3.8261830390151887
67,[439768.12],4088.6025,[435679.78],3.734451835889489
68,[438622.88],3977.136,[434645.66],3.6429262054282683
69,[437489.9],3881.3237,[433608.8],3.5516254078852514
70,[436373.28],3804.1555,[432569.25],3.460570179085321
71,[435578.5],4044.3843,[431534.],3.369783270659168
72,[434364.9],3851.7024,[430513.3],3.279289170920792
73,[433359.7],3855.4385,[429504.06],3.189114581329915
74,[432352.38],3860.568,[428492.],3.0992885082090016
75,[431458.56],3967.7964,[427491.],3.0098421027583733
76,[430308.75],3807.7388,[426501.1],2.9208087975055017
77,[429384.72],3868.9656,[425515.66],2.832224961372118
78,[428557.53],4014.8713,[424542.75],2.744129644240495
79,[427412.5],3826.8167,[423585.4],2.6565649487873926
80,[426481.72],3857.7322,[422623.62],2.5695754053096413
81,[425546.28],3878.149,[421668.1],2.4832093388171934
82,[424606.6],3882.7236,[420724.],2.3975177199002773
83,[423674.3],3889.6968,[419784.47],2.312554912605713
84,[422755.12],3917.1082,[418837.94],2.2283785060537293
85,[421708.66],3808.6787,[417900.],2.145049409137656
86,[420783.53],3810.0374,[416973.2],2.0627073565840033
87,[419978.16],3927.939,[416050.53],1.9813572905011823
88,[418843.44],3713.9546,[415129.47],1.9010524196827758
89,[418089.94],3885.4243,[414204.47],1.8218653765217179
90,[417098.3],3805.7517,[413292.7],1.743870311993806
91,[416213.88],3823.4224,[412390.28],1.6671440303624092
92,[415464.62],3967.4456,[411497.03],1.5917643694531518
93,[414310.3],3691.5059,[410619.],1.5178102044826682
94,[413457.06],3731.1475,[409725.75],1.4453609245211552
95,[412533.38],3697.3625,[408836.03],1.374495187380952
96,[411744.03],3792.3445,[407951.72],1.3052908220908752
97,[410769.28],3694.094,[407075.],1.2378140462034344
98,[410017.38],3816.6497,[406200.7],1.1721481537350436
99,[409147.75],3809.3054,[405338.25],1.1083626489609315
100,[408358.28],3870.392,[404487.78],1.0465219906184786
101,[407684.66],4035.5398,[403649.62],0.9866851577527258
102,[406580.88],3766.6165,[402814.16],0.9288987890698264
103,[405871.06],3891.3574,[401979.66],0.8732157683559972
104,[405043.44],3897.366,[401146.44],0.8196692726823558
105,[404222.9],3906.6892,[400316.38],0.7682896605972899
106,[403205.88],3714.4084,[399491.4],0.7190973056294202
107,[402619.12],3944.1045,[398675.28],0.6721020094509982
108,[401821.88],3954.6208,[397867.16],0.627304295264384
109,[400774.84],3723.5967,[397051.38],0.5846948065317342
110,[399932.78],3711.2783,[396221.47],0.5442552957447466
111,[399199.78],3800.8943,[395398.94],0.505956606815378
112,[398427.06],3836.6426,[394590.25],0.4697625515547918
113,[397687.97],3897.0874,[393791.06],0.4356308941164099
114,[396775.88],3779.4434,[392996.62],0.4035078834894065
115,[396101.94],3907.7625,[392194.06],0.3733352365939985
116,[395348.],3943.7,[391404.1],0.3450489082219667
117,[394688.2],4061.0508,[390627.16],0.31857997662407783
118,[393626.72],3769.1228,[389857.62],0.29385593472745514
119,[393035.16],3957.201,[389078.16],0.27080251772506914
120,[392147.88],3839.6072,[388308.03],0.24934002365312882
121,[391449.3],3912.656,[387536.53],0.22938964405837742
122,[390495.4],3728.986,[386766.84],0.21087215507230264
123,[389792.94],3799.7275,[385993.25],0.19370858149872666
124,[389132.53],3900.6035,[385232.],0.17782083225718115
125,[388427.],3957.91,[384469.34],0.16313224751814584
126,[387850.53],4141.2715,[383708.9],0.14956809379893476
127,[386744.66],3788.6711,[382955.97],0.1370559186423582
128,[386172.72],3982.354,[382190.25],0.1255242222997063
129,[385375.72],3943.6873,[381432.12],0.11489797345426571
130,[384661.6],3979.7834,[380681.72],0.10512470231212608
131,[383928.1],3991.9578,[379936.03],0.09614328307065112
132,[383093.38],3903.4197,[379189.84],0.08789586447480628
133,[382362.84],3918.8672,[378443.9],0.08032783627349599
134,[381595.],3899.5132,[377695.6],0.07338773876435174
135,[380880.5],3930.119,[376950.03],0.06702733659825233
136,[380144.6],3932.8225,[376211.38],0.06120144941776065
137,[379586.56],4110.2275,[375476.2],0.05586789218246422
138,[378687.03],3937.1375,[374749.72],0.05098738413194007
139,[377970.72],3950.949,[374019.6],0.046523359077346414
140,[377408.25],4109.7134,[373298.84],0.042441924486536116
141,[376502.6],3922.7876,[372579.56],0.03871165436023662
142,[375838.3],3978.288,[371860.06],0.035303483158604855
143,[375112.03],3975.141,[371136.94],0.032190553407180696
144,[374463.62],4050.7314,[370413.06],0.029348097952014825
145,[373687.25],3987.5662,[369699.84],0.0267532923824079
146,[372995.9],4006.4048,[368989.66],0.024385114747043933
147,[372375.22],4085.6704,[368289.22],0.022224242785944665
148,[371689.16],4091.6858,[367597.38],0.020252925838245225
149,[370882.94],3975.9824,[366906.94],0.01845485492219536
150,[370170.16],3954.232,[366216.],0.016815089443483765
151,[369376.22],3854.5696,[365521.6],0.015319881161072869
152,[368828.72],4000.9294,[364827.75],0.013956699507702381
153,[368300.8],4163.817,[364137.],0.012714047417599725
154,[367457.47],4007.07,[363450.22],0.011581394270168032
155,[366819.72],4057.799,[362761.97],0.010549117144854602
156,[366175.72],4098.5215,[362077.2],0.009608405795449231
157,[365535.4],4132.4004,[361403.38],0.008751215598678953
158,[364968.22],4234.992,[360733.25],0.007970193433258008
159,[364110.72],4044.375,[360066.38],0.007258622437466234
160,[363461.12],4068.8523,[359392.22],0.0066103703121018174
161,[362816.5],4095.7344,[358720.66],0.006019838183317198
162,[362191.28],4136.277,[358055.],0.0054819153232076555
163,[361658.03],4264.4697,[357393.62],0.0049919413101416005
164,[360823.3],4089.1602,[356734.16],0.004545661423376534
165,[360102.84],4034.8152,[356067.84],0.0041391966992097295
166,[359651.03],4248.4707,[355402.53],0.0037690088419636623
167,[359098.84],4357.5645,[354741.25],0.003431871424983503
168,[358139.97],4050.202,[354089.84],0.003124843983638185
169,[357754.22],4307.6255,[353446.3],0.0028452455794962138
170,[357019.47],4214.984,[352804.84],0.0025906318290372763
171,[356279.03],4124.596,[352154.3],0.00235877590707468
172,[355703.88],4208.6304,[351495.47],0.0021476484520642903
173,[354967.06],4120.681,[350846.6],0.0019553998837178975
174,[354519.88],4303.258,[350217.],0.0017803455074069006
175,[353786.84],4195.0117,[349591.6],0.0016209497079488256
176,[353161.94],4208.993,[348952.84],0.0014758141292523176
177,[352453.1],4137.096,[348316.],0.0013436650901266806
178,[351775.1],4099.0894,[347675.97],0.0012233416411746943
179,[351369.94],4333.252,[347036.47],0.001113787179399965
180,[350715.84],4311.0854,[346404.78],0.0010140386993926964
181,[349885.56],4108.3975,[345777.28],0.0009232193262842493
182,[349236.97],4084.2988,[345152.66],0.0008405304737243409
183,[348843.12],4309.9004,[344533.34],0.000765244910311972
184,[348076.75],4151.939,[343924.66],0.000696700214930456
185,[347493.66],4179.7593,[343313.9],0.0006342933802625138
186,[347064.38],4362.2837,[342702.22],0.0005774748803152354
187,[346276.8],4177.952,[342098.7],0.0005257448216722143
188,[345800.03],4304.7007,[341495.3],0.00047864760281835325
189,[345215.78],4325.9067,[340889.97],0.0004357684860300738
190,[344715.78],4422.6216,[340293.1],0.00039672990165076107
191,[343916.6],4218.1875,[339698.2],0.00036118795107124456
192,[343473.2],4371.295,[339102.28],0.0003288294583765865
193,[342627.56],4124.277,[338503.25],0.0002993688149575175
194,[342330.03],4422.7163,[337907.28],0.0002725474689767318
195,[341621.22],4302.7773,[337318.34],0.0002481288737439805
196,[340995.7],4273.896,[336721.72],0.00022589753645193392
197,[340555.1],4428.1245,[336126.84],0.00020565803639189858
198,[339955.47],4418.4937,[335536.62],0.0001872317431736285
199,[339172.25],4218.3486,[334954.],0.00017045625441207253
200,[338893.5],4530.3506,[334363.],0.000155183683190517
201,[338221.88],4441.4624,[333780.12],0.00014127941033408956
202,[337438.72],4241.255,[333197.72],0.00012862086516168922
203,[336970.75],4366.806,[332603.75],0.00011709645849315924
204,[336347.34],4330.5386,[332016.94],0.00010660457342851458
205,[335911.84],4469.703,[331441.94],9.705271582444055e-05
206,[335141.72],4266.5474,[330875.2],8.835667902842742e-05
207,[334638.78],4338.1562,[330300.5],8.04397883956713e-05
208,[334233.44],4501.62,[329731.72],7.323224018276725e-05
209,[333558.],4388.687,[329169.25],6.667047665108592e-05
210,[333077.6],4471.246,[328606.28],6.069663742313133e-05
211,[332403.75],4354.469,[328049.25],5.525806529031985e-05
212,[332007.6],4518.7305,[327488.94],5.0306779185148826e-05
213,[331296.28],4365.0635,[326931.03],4.579913987611088e-05
214,[330818.72],4454.2104,[326364.3],4.1695388275241704e-05
215,[330288.16],4489.4185,[325798.8],3.79593364783914e-05
216,[329707.6],4462.941,[325244.47],3.455804420985026e-05
217,[329068.22],4378.356,[324689.75],3.14615170565182e-05
218,[328718.9],4594.5693,[324124.16],2.8642444687394307e-05
219,[327988.22],4426.787,[323561.4],2.607596815043819e-05
220,[327360.03],4350.6426,[323009.16],2.3739454423984418e-05
221,[326974.94],4511.086,[322464.1],2.1612301872511697e-05
222,[326282.38],4359.1094,[321923.],1.9675747506758088e-05
223,[325886.8],4502.381,[321384.34],1.791271606755737e-05
224,[325331.75],4482.4956,[320849.22],1.630765818599731e-05
225,[324792.88],4481.7373,[320310.88],1.4846418547989607e-05
226,[324196.53],4424.2383,[319772.53],1.3516112237309442e-05
227,[323769.25],4541.2354,[319227.75],1.2305006529804302e-05
228,[323381.06],4675.6816,[318705.66],1.1202421781987824e-05
229,[322670.38],4485.575,[318184.6],1.0198633225207332e-05
230,[321958.03],4295.4404,[317662.38],9.284786398813393e-06
231,[321680.72],4558.802,[317121.72],8.452826222935393e-06
232,[321242.],4666.1025,[316576.06],7.695412426730588e-06
233,[320648.34],4614.447,[316034.],7.0058672615462675e-06
234,[320250.],4759.1416,[315490.62],6.3781072965385e-06
235,[319535.62],4582.5396,[314953.16],5.806597495467287e-06
236,[319120.],4698.374,[314421.56],5.286298471285916e-06
237,[318551.16],4655.494,[313895.75],4.8126201062709576e-06
238,[317882.9],4508.6094,[313374.5],4.3813856305633555e-06
239,[317370.75],4530.9434,[312839.78],3.988792062154353e-06
240,[316964.44],4666.069,[312298.38],3.6313763306857714e-06
241,[316302.97],4539.624,[311763.6],3.305986857785879e-06
242,[315788.34],4551.1113,[311237.12],3.0097540002011237e-06
243,[315325.56],4606.9443,[310719.],2.740064812727924e-06
244,[314836.88],4637.2,[310199.72],2.4945414488786713e-06
245,[314156.78],4481.0703,[309675.8],2.2710181971153733e-06
246,[313798.22],4647.2544,[309151.1],2.0675232917558626e-06
247,[313255.25],4622.7573,[308632.22],1.8822628837928716e-06
248,[312942.84],4819.4614,[308123.38],1.7136025104970523e-06
249,[312119.25],4506.4453,[307612.72],1.56005527243792e-06
250,[311837.75],4739.4526,[307098.75],1.4202662587705175e-06
251,[311270.22],4686.637,[306583.38],1.2930032252245936e-06
252,[310774.56],4701.8496,[306073.03],1.1771436340687954e-06
253,[310444.88],4886.0273,[305558.9],1.0716656730648456e-06
254,[309706.78],4661.01,[305045.72],9.756389333261114e-07
255,[309124.28],4590.1606,[304534.06],8.882166787603995e-07
256,[308743.3],4715.949,[304027.4],8.086280018014681e-07
257,[308190.16],4670.807,[303519.78],7.36170831770452e-07
258,[307918.4],4899.1226,[303019.38],6.702061369311934e-07
259,[307426.53],4896.4,[302530.1],6.101522402183941e-07
260,[306786.75],4739.1035,[302047.8],5.554795328577554e-07
261,[306195.38],4638.062,[301557.5],5.057057564102728e-07
262,[305999.4],4929.9536,[301069.25],4.6039191008580836e-07
263,[305466.],4876.4727,[300589.53],4.1913844226702697e-07
264,[304970.66],4853.6953,[300117.28],3.815814988712211e-07
265,[304482.5],4842.9683,[299639.53],3.473898538282991e-07
266,[303789.3],4625.503,[299163.66],3.162619532418152e-07
267,[303544.66],4864.9546,[298679.5],2.8792327218556487e-07
268,[303155.47],4948.9214,[298206.34],2.621238988711942e-07
269,[302580.94],4846.3013,[297734.7],2.3863623250046197e-07
270,[301888.12],4633.723,[297254.3],2.1725320691721e-07
271,[301474.44],4699.167,[296775.4],1.9778621582999044e-07
272,[301128.6],4831.9272,[296296.47],1.8006354962411124e-07
273,[300553.8],4735.103,[295818.75],1.6392894585949447e-07
274,[300219.66],4883.7344,[295335.62],1.4924006871343326e-07
275,[299664.3],4807.5273,[294856.88],1.3586738632651445e-07
276,[299387.06],5006.179,[294380.84],1.2369297709370746e-07
277,[298730.8],4822.3154,[293908.56],1.1260945674721995e-07
278,[298269.06],4834.492,[293434.34],1.0260819222997096e-07
279,[297958.56],4987.2275,[292971.4],9.349515568773776e-08
280,[297281.34],4769.668,[292511.97],8.519149111871002e-08
281,[297017.],4974.8623,[292042.2],7.762531294005588e-08
282,[296631.22],5057.392,[291574.1],7.073110913291401e-08
283,[296120.8],5004.1963,[291116.53],6.444921544150791e-08
284,[295367.9],4708.678,[290659.38],5.8725229176009795e-08
285,[295154.56],4955.573,[290199.03],5.3509618414541866e-08
286,[294619.94],4864.769,[289754.9],4.8757224623690175e-08
287,[294359.34],5040.9404,[289318.03],4.4426903834773446e-08
288,[293634.06],4746.8027,[288887.3],4.048118558362205e-08
289,[293395.28],4948.4375,[288446.4],3.688589632317333e-08
290,[292771.78],4774.396,[287997.25],3.36099178391407e-08
291,[292411.88],4859.95,[287552.22],3.062489592766058e-08
292,[292250.66],5137.99,[287112.8],2.79049810473332e-08
293,[291656.78],4988.6655,[286667.94],2.5426631143728086e-08
294,[291156.28],4942.7856,[286213.47],2.3168394933945895e-08
295,[290652.9],4889.6055,[285763.44],2.1110718283802716e-08
296,[290190.38],4878.452,[285311.9],1.9235796770277937e-08
297,[289744.25],4887.5513,[284856.66],1.7527392716815295e-08
298,[289506.88],5099.8945,[284406.9],1.5970717953816505e-08
299,[288851.66],4889.119,[283962.56],1.4552297039202647e-08
300,[288611.8],5093.9634,[283517.75],1.3259852683429382e-08
301,[288198.84],5122.3755,[283076.44],1.2082193839032217e-08
302,[287752.],5106.8555,[282645.],1.1009126882806062e-08
303,[286957.34],4738.8657,[282218.6],1.0031365021624438e-08
304,[286850.5],5061.787,[281788.72],9.140441250969329e-09
305,[286317.94],4954.8306,[281362.97],8.328643517918837e-09
306,[286094.75],5148.081,[280946.56],7.588944555062353e-09
307,[285670.44],5138.2935,[280532.22],6.914941928465754e-09
308,[284898.3],4784.3687,[280114.],6.300799861992028e-09
309,[284722.7],5033.468,[279689.],5.741201275672468e-09
310,[284371.25],5103.6245,[279267.53],5.231303376790573e-09
311,[283749.75],4903.4253,[278846.22],4.766691474608303e-09
312,[283606.94],5175.6987,[278431.03],4.3433430091434375e-09
313,[283048.78],5027.224,[278021.3],3.957593800392417e-09
314,[282839.6],5232.6084,[277607.16],3.606104963686543e-09
315,[282122.78],4936.7974,[277185.8],3.2858329336722386e-09
316,[281969.62],5206.2466,[276763.3],2.9940054834953127e-09
317,[281478.6],5130.011,[276348.53],2.7280964117173304e-09
318,[281138.4],5201.9272,[275936.47],2.48580400399004e-09
319,[280677.75],5148.4243,[275529.06],2.2650301608634242e-09
320,[280257.66],5140.3716,[275117.22],2.0638639664856976e-09
321,[279746.2],5042.5903,[274703.88],1.880564369124751e-09
322,[279570.78],5287.66,[274282.88],1.7135444160017306e-09
323,[278960.],5101.805,[273858.47],1.5613577085705715e-09
324,[278773.84],5337.9707,[273435.78],1.4226877443773193e-09
325,[278056.62],5034.5586,[273022.],1.296333484161115e-09
326,[277796.5],5176.7095,[272620.03],1.1812009141594545e-09
327,[277479.7],5261.219,[272218.38],1.0762941643241974e-09
328,[277002.2],5189.2036,[271812.84],9.807041840468905e-10
329,[276461.94],5051.964,[271410.22],8.936043012668089e-10
330,[276213.28],5208.609,[271004.78],8.142397863746458e-10
331,[275855.06],5257.8584,[270597.38],7.419240774543243e-10
332,[275450.84],5263.5225,[270187.4],6.760307866773036e-10
333,[274886.7],5106.551,[269780.3],6.159899255443621e-10
334,[274656.78],5283.6045,[269373.28],5.612816876367165e-10
335,[274253.94],5283.3584,[268970.3],5.114320077239693e-10
336,[273770.88],5189.0415,[268581.88],4.660098972288889e-10
337,[273560.47],5367.0444,[268193.5],4.2462167106771364e-10
338,[272891.9],5079.416,[267812.22],3.869093933379437e-10
339,[272645.9],5218.922,[267427.],3.5254643642626563e-10
340,[272251.9],5216.7114,[267035.16],3.212354826071255e-10
341,[271884.06],5247.5547,[266636.1],2.9270541541827593e-10
342,[271528.03],5297.4946,[266230.66],2.6670909921473943e-10
343,[271183.2],5352.5884,[265830.56],2.4302160281197914e-10
344,[270912.7],5470.7847,[265441.62],2.2143797903985872e-10
345,[270574.06],5506.555,[265067.34],2.0177104429660047e-10
346,[270055.1],5355.6367,[264699.6],1.838511565041859e-10
347,[269721.5],5391.2407,[264330.56],1.6752266239468257e-10
348,[269334.2],5379.2007,[263954.94],1.526443415994577e-10
349,[268957.],5384.8774,[263572.28],1.390874082477374e-10
350,[268640.3],5455.4497,[263184.88],1.2673440074358498e-10
351,[267940.66],5140.893,[262799.75],1.1547873767669336e-10
352,[267898.6],5487.7627,[262410.75],1.0522249737633794e-10
353,[267451.84],5424.219,[262027.86],9.587730608979781e-11
354,[267004.88],5349.6963,[261655.14],8.736211753630795e-11
355,[266678.5],5395.6333,[261283.11],7.960321290706031e-11
356,[266287.78],5375.2417,[260912.44],7.253331268678511e-11
357,[265901.38],5361.0254,[260540.39],6.609135460914662e-11
358,[265745.72],5571.6494,[260174.],6.022160547832412e-11
359,[265189.88],5385.628,[259804.33],5.4872995035197767e-11
360,[264996.47],5557.9404,[259438.56],4.999956004655872e-11
361,[264420.94],5345.5767,[259075.36],4.555888999287519e-11
362,[264106.06],5397.4688,[258708.45],4.151257115750251e-11
363,[264025.53],5683.367,[258342.27],3.782574253747354e-11
364,[263109.66],5132.617,[257977.08],3.446620766507925e-11
365,[262851.7],5246.505,[257605.2],3.1405100741683586e-11
366,[262629.5],5401.5884,[257228.],2.861599845930397e-11
367,[262390.2],5542.221,[256848.08],2.6074475911401563e-11
368,[261900.78],5418.2974,[256482.55],2.375877272669611e-11
369,[261383.39],5263.128,[256120.3],2.1648682846141446e-11
370,[261202.],5447.238,[255754.73],1.9725998612135373e-11
371,[260784.75],5395.686,[255389.16],1.79740666793099e-11
372,[260470.],5437.3384,[255032.73],1.6377565969926346e-11
373,[260364.38],5687.284,[254677.12],1.4923173807690155e-11
374,[259850.78],5534.553,[254316.28],1.3597789560911542e-11
375,[259256.78],5300.5806,[253956.06],1.239008895473999e-11
376,[259172.88],5576.1147,[253596.86],1.1289635892744563e-11
377,[258865.39],5625.039,[253240.33],1.028688245691394e-11
378,[258503.],5614.2676,[252888.64],9.373390952261342e-12
379,[258151.28],5615.396,[252535.86],8.540945728404856e-12
380,[257823.5],5638.7393,[252184.64],7.782219313382216e-12
381,[257354.89],5523.681,[251831.33],7.091216502860657e-12
382,[257120.77],5640.8496,[251480.08],6.461275958692612e-12
383,[256736.14],5606.9287,[251129.17],5.887512699569874e-12
384,[256375.75],5596.1606,[250779.5],5.364597654974367e-12
385,[256116.89],5683.1646,[250433.8],4.888089932807693e-12
386,[255514.06],5421.008,[250093.1],4.453992730181284e-12
387,[255454.31],5702.589,[249751.75],4.058531288811487e-12
388,[254887.89],5479.146,[249408.84],3.697930850414634e-12
389,[254699.16],5631.569,[249067.69],3.3695268797316733e-12
390,[254277.34],5553.9673,[248723.44],3.070210752293695e-12
391,[253969.4],5588.7637,[248380.66],2.7975399774465565e-12
392,[253651.92],5618.132,[248033.83],2.5490720645361105e-12
393,[253503.4],5822.072,[247681.2],2.322808612118055e-12
394,[252963.53],5627.9365,[247335.42],2.1165291741431584e-12
395,[252569.97],5577.6587,[246992.44],1.9284573937720374e-12
396,[252174.86],5527.4575,[246647.28],1.7572610033751539e-12
397,[251798.2],5490.484,[246307.66],1.601163646113119e-12
398,[251657.78],5691.751,[245966.11],1.4588330543563916e-12
399,[251060.88],5437.4736,[245623.5],1.3293810496852787e-12
400,[250953.48],5670.4526,[245283.08],1.2112533198653123e-12
401,[250732.16],5789.014,[244942.9],1.1037837310817216e-12
402,[250317.53],5707.664,[244609.9],1.0056400157049611e-12
403,[249928.84],5651.481,[244277.34],9.163780845251844e-13
404,[249476.16],5531.017,[243945.1],8.348877145177692e-13
405,[249229.61],5617.6104,[243611.86],7.607248164728679e-13
406,[248755.17],5474.125,[243281.19],6.932232565757074e-13
407,[248835.4],5888.832,[242946.58],6.317169010115145e-13
408,[248182.06],5567.0283,[242614.92],5.755396159655156e-13
409,[248525.22],6236.7056,[242288.61],5.244693568327864e-13
410,[247735.38],5765.236,[241970.06],4.778399897985532e-13
411,[247243.9],5597.257,[241646.72],4.354294702578916e-13
412,[246952.77],5638.392,[241314.58],3.9679370900095224e-13
413,[246602.19],5618.929,[240983.11],3.6148861681788564e-13
414,[246148.42],5500.329,[240648.08],3.295141937086922e-13
415,[246209.77],5896.7515,[240312.89],3.0020430585859724e-13
416,[245821.98],5833.9766,[239987.75],2.7355895326760116e-13
417,[245563.39],5900.1187,[239663.23],2.491340467258541e-13
418,[245036.3],5697.41,[239338.97],2.2715163083828123e-13
419,[244919.34],5895.8486,[239023.6],2.0694557179010777e-13
420,[244570.53],5855.847,[238714.53],1.885158695813338e-13
421,[244096.75],5692.5386,[238404.16],1.7186252421195946e-13
422,[243799.64],5710.515,[238088.95],1.5654144647213483e-13
423,[243348.52],5582.9595,[237765.44],1.4255263636185993e-13
424,[243082.],5643.052,[237438.98],1.2989609388113488e-13
425,[243235.69],6116.1504,[237119.58],1.183497744250347e-13
426,[242683.7],5877.7173,[236806.05],1.079136779935594e-13
427,[242159.75],5668.3623,[236491.42],9.836575998178404e-14
428,[242062.86],5888.498,[236174.36],8.948397578478362e-14
429,[241658.52],5800.5166,[235858.14],8.171241461240819e-14
430,[241494.02],5951.251,[235542.8],7.438494264988272e-14
431,[240951.73],5725.3774,[235226.28],6.772360450213225e-14
432,[240552.98],5647.054,[234905.8],6.17284001691568e-14
433,[240762.47],6176.0596,[234586.38],5.6177285046031343e-14
434,[239884.8],5609.22,[234275.52],5.129230373768092e-14
435,[239953.42],5992.5034,[233961.02],4.662936703425549e-14
436,[239151.67],5508.12,[233643.55],4.26325641456051e-14
437,[239223.08],5899.4653,[233323.62],3.885780586187972e-14
438,[239171.27],6159.8296,[233011.52],3.5305092183079353e-14
439,[238474.73],5768.0923,[232706.73],3.219646771412902e-14
440,[238399.16],5991.4526,[232407.6],2.9309887850103704e-14
441,[237898.94],5798.632,[232100.05],2.6645352591003404e-14
442,[237308.1],5518.3633,[231789.66],2.4424906541753144e-14
443,[237331.],5851.53,[231479.5],2.2204460492502885e-14
444,[237558.11],6375.245,[231182.97],2.0206059048177644e-14
445,[236797.12],5900.2007,[230897.08],1.8429702208777428e-14
446,[236567.88],5969.6665,[230598.17],1.6875389974302237e-14
447,[236175.14],5872.278,[230302.75],1.5321077739827044e-14
448,[236018.62],6005.5093,[230013.05],1.3988810110276875e-14
449,[235466.81],5747.0703,[229719.73],1.2656542480726704e-14
450,[235267.14],5854.89,[229412.17],1.1546319456101562e-14
451,[235031.86],5928.099,[229103.72],1.0658141036401446e-14
452,[234603.48],5805.9287,[228797.69],9.5479180117763e-15
453,[234666.34],6167.018,[228499.3],8.659739592076183e-15
454,[234075.06],5865.3267,[228209.67],7.993605777301096e-15
455,[234412.58],6492.004,[227920.48],7.327471962526006e-15
456,[233807.48],6171.1577,[227636.2],6.661338147750917e-15
457,[233737.2],6388.8916,[227348.5],5.995204332975827e-15
458,[233238.75],6179.2886,[227059.48],5.551115123125767e-15
459,[232769.05],5994.688,[226774.36],5.107025913275707e-15
460,[232639.25],6157.741,[226481.53],4.6629367034256464e-15
461,[232182.66],5997.5786,[226185.12],4.218847493575586e-15
462,[232080.98],6193.807,[225887.17],3.774758283725525e-15
463,[231633.39],6039.369,[225594.06],3.5527136788004946e-15
464,[231118.42],5823.7266,[225294.67],3.1086244689504336e-15
465,[231097.7],6096.0093,[225001.44],2.8865798640254027e-15
466,[231210.88],6495.1567,[224715.84],2.664535259100372e-15
467,[230401.45],5959.3994,[224441.98],2.4424906541753412e-15
468,[229985.78],5829.238,[224156.58],2.2204460492503107e-15
469,[230228.92],6369.619,[223859.31],1.9984014443252798e-15
470,[229751.3],6180.5757,[223570.61],1.7763568394002489e-15
471,[229942.88],6648.742,[223294.14],1.554312234475218e-15
472,[229346.84],6327.592,[223019.38],1.554312234475218e-15
473,[228836.25],6097.0303,[222739.05],1.332267629550187e-15
474,[229051.23],6596.2993,[222455.03],1.332267629550187e-15
475,[228478.9],6305.3657,[222173.47],1.110223024625156e-15
476,[228028.25],6139.467,[221888.86],1.110223024625156e-15
477,[227733.44],6135.86,[221597.47],8.881784197001248e-16
478,[227515.17],6205.5347,[221309.47],8.881784197001248e-16
479,[226898.55],5879.7397,[221018.81],8.881784197001248e-16
480,[226859.61],6138.4824,[220721.14],6.661338147750937e-16
481,[226261.84],5838.9663,[220422.72],6.661338147750937e-16
482,[226538.11],6405.114,[220133.02],6.661338147750937e-16
483,[225699.92],5839.6323,[219860.5],4.440892098500625e-16
484,[226017.11],6430.589,[219586.64],4.440892098500625e-16
485,[225461.],6147.031,[219314.11],4.440892098500625e-16
486,[225668.66],6627.6323,[219041.11],4.440892098500625e-16
487,[224966.3],6186.18,[218780.08],4.440892098500625e-16
488,[224870.95],6356.423,[218514.5],4.440892098500625e-16
489,[224477.14],6235.7534,[218241.5],2.2204460492503128e-16
490,[224165.02],6194.7344,[217970.19],2.2204460492503128e-16
491,[224035.02],6335.331,[217699.69],2.2204460492503128e-16
492,[223639.62],6212.7446,[217426.92],2.2204460492503128e-16
493,[223395.2],6245.549,[217149.67],2.2204460492503128e-16
494,[223632.42],6760.435,[216872.08],2.2204460492503128e-16
495,[223198.28],6595.754,[216602.56],2.2204460492503128e-16
496,[222441.3],6099.8696,[216341.4],2.2204460492503128e-16
497,[222246.14],6165.7026,[216080.45],2.2204460492503128e-16
498,[222421.72],6598.8,[215822.95],2.2204460492503128e-16
499,[221676.6],6107.049,[215569.44],2.2204460492503128e-16
500,[221646.08],6345.7803,[215300.31],0.0
501,[221528.47],6487.391,[215041.11],0.0
502,[221395.],6608.514,[214786.61],0.0
503,[220780.72],6245.203,[214535.38],0.0
504,[220327.11],6051.5703,[214275.62],0.0
505,[220506.44],6508.847,[213997.61],0.0
506,[220311.02],6587.742,[213723.27],0.0
507,[219687.12],6231.797,[213455.33],0.0
508,[219942.19],6753.0845,[213189.14],0.0
509,[219327.6],6400.215,[212927.4],0.0
510,[219143.44],6478.9263,[212664.3],0.0
511,[218888.48],6484.7666,[212403.72],0.0
512,[218524.6],6384.6436,[212139.98],0.0
513,[218336.06],6460.4346,[211875.53],0.0
514,[218417.44],6799.9956,[211617.23],0.0
515,[217967.8],6600.2876,[211367.39],0.0
516,[217244.44],6124.477,[211119.81],0.0
517,[217262.22],6398.7656,[210863.52],0.0
518,[216784.69],6185.608,[210599.12],0.0
519,[216439.86],6110.653,[210329.44],0.0
520,[216263.22],6204.706,[210058.6],0.0
521,[216256.19],6466.297,[209789.72],0.0
522,[216319.42],6791.5747,[209527.9],0.0
523,[215622.27],6349.8423,[209272.3],0.0
524,[215048.67],6031.186,[209017.36],0.0
525,[215281.3],6515.954,[208765.34],0.0
526,[215211.67],6693.684,[208517.98],0.0
527,[214443.47],6179.451,[208263.98],0.0
528,[214971.11],6963.207,[208007.95],0.0
529,[213997.17],6231.115,[207765.97],0.0
530,[213652.52],6139.2266,[207513.03],0.0
531,[214046.17],6796.8086,[207249.5],0.0
532,[213421.72],6426.9346,[206994.89],0.0
533,[213310.77],6577.8145,[206732.78],0.0
534,[212689.1],6222.9683,[206466.22],0.0
535,[212683.2],6484.055,[206199.11],0.0
536,[212405.42],6468.625,[205936.89],0.0
537,[212258.2],6580.1553,[205677.97],0.0
538,[212529.03],7108.3237,[205420.9],0.0
539,[211605.98],6442.337,[205163.42],0.0
540,[211890.25],6987.0186,[204903.25],0.0
541,[211522.23],6864.5347,[204657.69],0.0
542,[211253.7],6831.1274,[204422.47],0.0
543,[210771.9],6583.2554,[204188.72],0.0
544,[210922.56],6969.6895,[203952.78],0.0
545,[209876.9],6164.007,[203712.84],0.0
546,[209903.58],6438.0645,[203465.55],0.0
547,[209882.77],6661.72,[203221.1],0.0
548,[209750.],6766.406,[202983.42],0.0
549,[209478.16],6731.782,[202746.4],0.0
550,[209390.05],6881.8433,[202508.25],0.0
551,[209547.05],7274.546,[202272.44],0.0
552,[208345.55],6309.264,[202036.33],0.0
553,[208254.19],6464.1685,[201790.06],0.0
554,[208307.62],6762.064,[201545.62],0.0
555,[207860.2],6556.627,[201303.58],0.0
556,[207702.55],6633.201,[201069.31],0.0
557,[207401.5],6556.4297,[200845.23],0.0
558,[207550.2],6927.231,[200622.94],0.0
559,[207194.9],6792.69,[200402.11],0.0
560,[207212.52],7031.1885,[200181.33],0.0
561,[207854.67],7898.971,[199955.75],0.0
562,[206270.56],6535.398,[199735.17],0.0
563,[206753.98],7240.648,[199513.45],0.0
564,[206827.78],7531.764,[199296.02],0.0
565,[206006.14],6922.743,[199083.47],0.0
566,[205797.36],6930.678,[198866.62],0.0
567,[205635.61],6996.099,[198639.48],0.0
568,[205075.02],6665.1567,[198410.03],0.0
569,[204899.53],6713.194,[198186.22],0.0
570,[204168.39],6206.0645,[197962.39],0.0
571,[204628.8],6900.635,[197728.25],0.0
572,[204295.8],6797.877,[197498.02],0.0
573,[203716.62],6449.569,[197267.03],0.0
574,[204210.34],7179.291,[197031.05],0.0
575,[204123.23],7330.728,[196792.56],0.0
576,[203487.95],6929.763,[196558.17],0.0
577,[203201.4],6879.263,[196322.],0.0
578,[202910.39],6818.9146,[196091.44],0.0
579,[202553.2],6685.5386,[195867.73],0.0
580,[202225.25],6580.2876,[195644.92],0.0
581,[202055.81],6639.8125,[195416.16],0.0
582,[202497.06],7309.437,[195187.42],0.0
583,[202243.17],7272.7256,[194970.38],0.0
584,[201675.77],6924.0557,[194751.62],0.0
585,[202788.88],8257.265,[194531.62],0.0
586,[201368.9],7050.335,[194318.6],0.0
587,[201144.17],7038.5117,[194105.73],0.0
588,[200900.22],7012.1235,[193887.89],0.0
589,[200546.67],6884.6035,[193662.03],0.0
590,[200640.58],7204.7026,[193435.75],0.0
591,[201145.7],7939.2812,[193206.4],0.0
592,[200630.55],7638.5786,[192991.89],0.0
593,[199849.03],7065.045,[192784.05],0.0
594,[199859.58],7285.603,[192574.23],0.0
595,[199652.05],7285.252,[192366.58],0.0
596,[198543.3],6390.848,[192152.42],0.0
597,[198694.31],6777.082,[191917.23],0.0
598,[199054.56],7369.994,[191684.52],0.0
599,[198793.72],7333.688,[191460.05],0.0
600,[198521.92],7276.1904,[191245.8],0.0
601,[198381.2],7346.972,[191034.3],0.0
602,[198352.6],7526.253,[190826.23],0.0
603,[197674.25],7054.1675,[190620.],0.0
604,[197465.78],7051.953,[190413.73],0.0
605,[197765.02],7549.971,[190215.17],0.0
606,[197988.73],7975.066,[190013.66],0.0
607,[196522.34],6710.4297,[189811.98],0.0
608,[196007.44],6407.5093,[189599.69],0.0
609,[196499.16],7115.053,[189384.11],0.0
610,[196285.],7118.0464,[189166.98],0.0
611,[196032.05],7083.214,[188948.84],0.0
612,[195467.44],6733.915,[188733.5],0.0
613,[195717.88],7208.458,[188509.38],0.0
614,[195676.61],7391.9634,[188284.55],0.0
615,[195907.31],7837.3813,[188069.89],0.0
616,[194540.25],6674.928,[187865.6],0.0
617,[196608.27],8950.431,[187657.75],0.0
618,[194534.83],7073.907,[187460.88],0.0
619,[195167.44],7912.2515,[187254.94],0.0
620,[193879.81],6831.53,[187048.16],0.0
621,[193578.22],6742.4507,[186835.78],0.0
622,[194648.9],8030.349,[186618.6],0.0
623,[193591.88],7181.693,[186410.2],0.0
624,[193563.33],7358.2554,[186204.92],0.0
625,[193001.84],6999.311,[186002.52],0.0
626,[194026.58],8230.786,[185795.69],0.0
627,[192685.52],7092.584,[185592.9],0.0
628,[193614.25],8220.529,[185393.8],0.0
629,[192933.39],7733.2305,[185200.1],0.0
630,[192534.73],7531.586,[185003.1],0.0
631,[192362.06],7559.4604,[184802.58],0.0
632,[192414.6],7812.5063,[184602.11],0.0
633,[192062.84],7664.4375,[184398.42],0.0
634,[191814.11],7611.6235,[184202.52],0.0
635,[191264.52],7254.8027,[184009.81],0.0
636,[191026.08],7211.5693,[183814.5],0.0
637,[190534.95],6921.2437,[183613.83],0.0
638,[190402.16],6990.353,[183411.84],0.0
639,[190578.16],7377.5327,[183200.4],0.0
640,[190754.61],7762.399,[182992.2],0.0
641,[189750.1],6959.7275,[182790.19],0.0
642,[190464.53],7878.8037,[182585.73],0.0
643,[190213.31],7838.7676,[182374.48],0.0
644,[189817.75],7642.2837,[182175.47],0.0
645,[189269.88],7286.9824,[181982.77],0.0
646,[189033.75],7251.1924,[181782.6],0.0
647,[188996.19],7418.665,[181577.42],0.0
648,[188812.9],7442.8965,[181370.14],0.0
649,[189935.69],8767.853,[181167.98],0.0
650,[188320.33],7339.863,[180980.58],0.0
651,[188748.64],7958.241,[180790.52],0.0
652,[187740.5],7144.4385,[180596.08],0.0
653,[187913.84],7510.856,[180402.83],0.0
654,[187763.97],7554.662,[180209.38],0.0
655,[187872.34],7861.639,[180010.66],0.0
656,[187735.14],7925.2534,[179809.88],0.0
657,[187442.3],7828.4927,[179613.56],0.0
658,[187293.77],7869.8916,[179423.88],0.0
659,[186718.5],7476.1343,[179242.23],0.0
660,[186643.73],7583.815,[179059.94],0.0
661,[185796.58],6931.514,[178865.19],0.0
662,[185680.77],7017.824,[178662.78],0.0
663,[186179.8],7724.661,[178455.3],0.0
664,[186264.52],8016.1367,[178248.53],0.0
665,[185660.34],7607.878,[178052.44],0.0
666,[185108.25],7254.4155,[177853.84],0.0
667,[185732.45],8076.0244,[177656.53],0.0
668,[186175.78],8700.498,[177475.38],0.0
669,[184964.69],7659.8545,[177304.97],0.0
670,[184733.77],7589.1514,[177144.52],0.0
671,[184886.45],7905.2485,[176981.25],0.0
672,[184810.27],7997.2983,[176812.92],0.0
673,[185471.98],8827.89,[176644.11],0.0
674,[184109.66],7639.895,[176469.77],0.0
675,[184056.3],7768.239,[176288.16],0.0
676,[184165.62],8066.068,[176099.33],0.0
677,[183466.73],7562.5166,[175904.36],0.0
678,[183577.69],7871.227,[175706.52],0.0
679,[183543.67],8027.351,[175516.4],0.0
680,[183612.03],8277.527,[175334.42],0.0
681,[183335.05],8178.373,[175156.67],0.0
682,[183000.69],8019.035,[174981.6],0.0
683,[183121.14],8307.927,[174813.12],0.0
684,[182611.78],7966.8696,[174644.9],0.0
685,[182382.55],7907.7524,[174474.64],0.0
686,[181851.47],7549.2715,[174302.3],0.0
687,[182003.45],7875.785,[174127.7],0.0
688,[181338.98],7395.0977,[173943.88],0.0
689,[181521.97],7762.3853,[173759.55],0.0
690,[181211.47],7635.4727,[173575.94],0.0
691,[182326.75],8935.917,[173390.81],0.0
692,[181744.61],8526.402,[173218.3],0.0
693,[180698.33],7645.7466,[173052.53],0.0
694,[181373.6],8495.501,[172877.89],0.0
695,[181172.05],8465.966,[172706.17],0.0
696,[181544.61],9009.388,[172535.3],0.0
697,[180450.92],8086.1055,[172364.83],0.0
698,[180573.16],8372.554,[172200.7],0.0
699,[180940.25],8903.752,[172036.31],0.0
700,[180328.38],8455.513,[171872.86],0.0
701,[179224.1],7512.5522,[171711.45],0.0
702,[180563.38],9012.55,[171550.97],0.0
703,[179040.52],7654.6587,[171385.94],0.0
704,[179985.52],8771.199,[171214.36],0.0
705,[179842.33],8800.823,[171041.52],0.0
706,[179231.45],8358.561,[170872.75],0.0
707,[179856.7],9146.073,[170710.62],0.0
708,[179035.34],8485.96,[170549.45],0.0
709,[178671.45],8287.703,[170383.55],0.0
710,[178819.23],8597.127,[170222.31],0.0
711,[177959.9],7888.884,[170071.16],0.0
712,[179174.86],9253.791,[169921.],0.0
713,[177681.89],7908.544,[169773.25],0.0
714,[179381.8],9760.788,[169621.23],0.0
715,[177411.39],7940.9624,[169470.48],0.0
716,[177842.28],8533.427,[169308.94],0.0
717,[177288.12],8139.776,[169148.47],0.0
718,[177043.48],8060.0894,[168983.4],0.0
719,[177353.34],8538.649,[168814.84],0.0
720,[177060.22],8417.621,[168642.38],0.0
721,[177062.94],8585.917,[168477.06],0.0
722,[176170.66],7845.227,[168325.34],0.0
723,[177294.28],9114.706,[168179.48],0.0
724,[177061.03],9021.477,[168039.72],0.0
725,[176343.61],8447.49,[167896.16],0.0
726,[175962.47],8213.679,[167748.84],0.0
727,[175971.16],8367.685,[167603.58],0.0
728,[176639.33],9178.709,[167460.7],0.0
729,[176607.1],9285.988,[167321.14],0.0
730,[175786.88],8603.69,[167183.16],0.0
731,[175399.14],8354.496,[167044.7],0.0
732,[175232.58],8331.336,[166901.31],0.0
733,[174738.4],7986.9927,[166751.56],0.0
734,[176015.02],9416.89,[166598.06],0.0
735,[174339.7],7893.77,[166446.06],0.0
736,[175472.6],9180.605,[166292.],0.0
737,[174953.52],8810.4375,[166143.1],0.0
738,[175893.62],9896.862,[165996.77],0.0
739,[175457.62],9601.349,[165856.44],0.0
740,[174283.62],8571.932,[165711.73],0.0
741,[174756.83],9188.916,[165567.84],0.0
742,[173396.06],7969.566,[165426.56],0.0
743,[173603.03],8317.659,[165285.42],0.0
744,[173445.44],8307.103,[165138.12],0.0
745,[175159.64],10170.424,[164989.1],0.0
746,[173295.86],8449.094,[164846.78],0.0
747,[174136.77],9430.352,[164706.27],0.0
748,[173607.81],9041.271,[164566.45],0.0
749,[176350.6],11920.603,[164429.84],0.0
750,[173381.67],9077.011,[164304.66],0.0
751,[173450.17],9271.74,[164178.53],0.0
752,[173201.23],9148.539,[164052.53],0.0
753,[173383.1],9464.729,[163918.52],0.0
754,[173500.98],9721.259,[163779.75],0.0
755,[173993.73],10345.306,[163648.62],0.0
756,[172419.36],8891.122,[163528.2],0.0
757,[171196.],7802.0195,[163394.05],0.0
758,[172309.97],9051.966,[163258.23],0.0
759,[171319.28],8199.244,[163120.16],0.0
760,[171507.83],8533.388,[162974.5],0.0
761,[171678.33],8855.552,[162822.77],0.0
762,[171926.64],9253.458,[162673.19],0.0
763,[172342.62],9804.261,[162538.4],0.0
764,[172226.08],9819.459,[162406.62],0.0
765,[173125.7],10845.106,[162280.52],0.0
766,[171011.89],8858.109,[162153.9],0.0
767,[170540.56],8522.988,[162017.6],0.0
768,[173052.97],11170.987,[161881.78],0.0
769,[171037.61],9281.426,[161756.42],0.0
770,[171318.52],9685.79,[161632.61],0.0
771,[173511.6],12006.417,[161505.23],0.0
772,[171525.14],10137.067,[161388.27],0.0
773,[171023.89],9745.8,[161278.05],0.0
774,[170648.05],9479.173,[161168.95],0.0
775,[170025.84],8967.6875,[161058.02],0.0
776,[170447.14],9505.049,[160941.92],0.0
777,[169196.1],8370.934,[160824.9],0.0
778,[169345.88],8639.983,[160705.92],0.0
779,[170463.42],9881.797,[160581.8],0.0
780,[168835.89],8372.738,[160463.14],0.0
781,[170669.95],10327.426,[160342.33],0.0
782,[170641.31],10420.255,[160221.27],0.0
783,[172307.69],12201.144,[160106.48],0.0
784,[169474.67],9471.216,[160003.28],0.0
785,[169138.98],9241.275,[159897.47],0.0
786,[170738.22],10948.824,[159789.55],0.0
787,[170317.33],10638.528,[159678.88],0.0
788,[169020.12],9449.878,[159570.39],0.0
789,[169115.12],9651.069,[159464.25],0.0
790,[168232.2],8874.477,[159357.81],0.0
791,[172296.83],13044.672,[159251.9],0.0
792,[170635.95],11480.658,[159155.36],0.0
793,[168390.83],9334.23,[159056.64],0.0
794,[168963.23],10007.147,[158955.95],0.0
795,[168845.25],9993.8545,[158851.66],0.0
796,[172121.81],13374.441,[158747.36],0.0
797,[170851.53],12200.89,[158650.55],0.0
798,[171736.28],13183.541,[158552.73],0.0
799,[169633.45],11185.014,[158448.44],0.0
800,[170062.03],11723.723,[158338.6],0.0
801,[170965.62],12736.729,[158228.7],0.0
802,[173352.69],15230.875,[158121.7],0.0
803,[168450.38],10425.968,[158024.48],0.0
804,[170214.22],12284.136,[157930.16],0.0
805,[168163.3],10323.714,[157839.6],0.0
806,[169945.14],12194.195,[157750.9],0.0
807,[167819.31],10155.156,[157664.22],0.0
808,[172883.95],15309.591,[157574.48],0.0
809,[169842.27],12357.912,[157484.45],0.0
810,[167912.33],10521.072,[157391.25],0.0
811,[170251.03],12954.069,[157297.02],0.0
812,[169513.83],12317.668,[157196.38],0.0
813,[167700.23],10610.243,[157090.11],0.0
814,[168411.9],11421.711,[156990.12],0.0
815,[167630.45],10738.164,[156892.25],0.0
816,[171355.61],14558.296,[156797.23],0.0
817,[168172.9],11466.064,[156706.8],0.0
818,[168774.11],12145.042,[156629.05],0.0
819,[168601.25],12046.442,[156554.84],0.0
820,[168503.17],12024.711,[156478.36],0.0
821,[166376.97],9974.1,[156403.02],0.0
822,[166782.42],10462.547,[156319.88],0.0
823,[166343.31],10115.501,[156227.89],0.0
824,[172979.81],16852.318,[156127.45],0.0
825,[165703.61],9674.2705,[156029.38],0.0
826,[168221.31],12297.785,[155923.62],0.0
827,[175807.84],19978.656,[155829.08],0.0
828,[166399.39],10664.515,[155734.83],0.0
829,[167486.62],11852.382,[155634.33],0.0
830,[164230.2],8696.162,[155534.08],0.0
831,[165241.98],9809.862,[155432.05],0.0
832,[166022.61],10695.044,[155327.4],0.0
833,[166659.86],11438.952,[155220.98],0.0
834,[165640.61],10528.837,[155111.62],0.0
835,[167665.48],12656.157,[155009.33],0.0
836,[169858.12],14939.281,[154918.83],0.0
837,[168103.17],13273.102,[154829.84],0.0
838,[163474.19],8733.883,[154740.4],0.0
839,[166786.45],12141.321,[154645.22],0.0
840,[167311.3],12759.562,[154551.66],0.0
841,[167346.34],12890.703,[154455.67],0.0
842,[176316.89],21960.428,[154356.56],0.0
843,[171087.86],16817.14,[154270.64],0.0
844,[171021.27],16829.453,[154191.75],0.0
845,[166482.77],12363.0625,[154119.58],0.0
846,[168202.3],14158.603,[154043.81],0.0
847,[166373.47],12411.569,[153961.75],0.0
848,[166247.75],12372.399,[153875.55],0.0
849,[166415.47],12631.548,[153784.],0.0
850,[165456.56],11757.991,[153698.39],0.0
851,[164473.89],10859.01,[153614.78],0.0
852,[169438.05],15906.677,[153531.38],0.0
853,[164535.66],11087.9795,[153447.83],0.0
854,[167790.03],14426.424,[153363.36],0.0
855,[164728.11],11447.6875,[153280.33],0.0
856,[166474.03],13285.095,[153188.78],0.0
857,[180365.4],27262.674,[153102.62],0.0
858,[169874.78],16857.227,[153017.56],0.0
859,[166094.84],13156.601,[152938.08],0.0
860,[180353.6],27491.15,[152862.16],0.0
861,[174502.44],21718.508,[152784.2],0.0
862,[182596.1],29887.867,[152708.08],0.0
863,[172783.6],20154.932,[152628.56],0.0
864,[165945.86],13397.696,[152548.23],0.0
865,[170922.17],18447.498,[152474.78],0.0
866,[168530.97],16125.765,[152404.83],0.0
867,[172169.22],19831.53,[152337.7],0.0
868,[186499.19],34227.46,[152271.28],0.0
869,[166052.47],13850.234,[152201.98],0.0
870,[168781.66],16655.83,[152126.],0.0
871,[165568.38],13517.285,[152051.33],0.0
872,[173893.12],21918.107,[151975.1],0.0
873,[169413.],17517.469,[151895.53],0.0
874,[169663.92],17850.783,[151813.],0.0
875,[170330.44],18603.932,[151726.5],0.0
876,[167457.69],15819.494,[151638.2],0.0
877,[163027.44],11483.121,[151544.52],0.0
878,[166381.47],14926.767,[151454.73],0.0
879,[170513.03],19141.469,[151371.38],0.0
880,[172041.03],20749.355,[151291.95],0.0
881,[166114.56],14897.621,[151217.23],0.0
882,[175705.06],24560.748,[151144.39],0.0
883,[170633.02],19561.584,[151071.67],0.0
884,[164812.34],13816.229,[150996.4],0.0
885,[183023.45],32098.928,[150924.38],0.0
886,[180356.23],29497.713,[150859.],0.0
887,[166807.52],16011.978,[150795.66],0.0
888,[166902.44],16167.211,[150735.08],0.0
889,[171289.66],20618.477,[150671.48],0.0
890,[163005.67],12396.762,[150608.86],0.0
891,[171805.78],21263.664,[150541.97],0.0
892,[163831.19],13356.546,[150474.39],0.0
893,[175942.95],25536.832,[150406.38],0.0
894,[165664.6],15331.431,[150333.22],0.0
895,[166304.58],16052.497,[150252.19],0.0
896,[171391.23],21218.791,[150172.44],0.0
897,[168445.78],18353.354,[150092.05],0.0
898,[185726.31],35704.35,[150021.88],0.0
899,[168796.5],18846.412,[149950.14],0.0
900,[165058.31],15181.666,[149876.44],0.0
901,[164405.98],14600.168,[149805.83],0.0
902,[160954.92],11222.019,[149732.86],0.0
903,[162714.5],13059.154,[149655.11],0.0
904,[171763.12],22187.258,[149576.08],0.0
905,[165748.78],16249.438,[149499.36],0.0
906,[175736.11],26317.762,[149418.67],0.0
907,[178454.78],29113.309,[149341.8],0.0
908,[164429.75],15159.163,[149270.55],0.0
909,[165122.84],15928.692,[149194.22],0.0
910,[163497.36],14385.588,[149112.03],0.0
911,[159320.78],10292.824,[149027.84],0.0
912,[167568.02],18626.082,[148941.72],0.0
913,[170429.33],21572.271,[148857.03],0.0
914,[186146.42],37374.53,[148772.12],0.0
915,[168737.92],20044.67,[148693.2],0.0
916,[196324.89],47712.375,[148612.75],0.0
917,[172714.77],24181.912,[148532.92],0.0
918,[164456.17],16002.66,[148453.67],0.0
919,[162564.56],14194.368,[148370.03],0.0
920,[166030.33],17737.047,[148293.05],0.0
921,[173658.73],25435.31,[148223.89],0.0
922,[166105.14],17945.855,[148159.52],0.0
923,[162258.9],14157.807,[148101.25],0.0
924,[175797.36],27756.83,[148040.16],0.0
925,[166568.4],18593.055,[147975.69],0.0
926,[160855.38],12948.997,[147906.48],0.0
927,[164273.73],16439.852,[147834.17],0.0
928,[174281.2],26517.684,[147763.12],0.0
929,[168692.9],20996.482,[147696.56],0.0
930,[172788.7],25159.39,[147629.12],0.0
931,[167103.75],19539.488,[147564.78],0.0
932,[174718.64],27219.623,[147498.67],0.0
933,[160572.69],13139.394,[147433.73],0.0
934,[194421.86],47056.31,[147365.47],0.0
935,[165488.77],18187.621,[147301.3],0.0
936,[177637.45],30401.12,[147236.06],0.0
937,[166766.81],19593.31,[147173.17],0.0
938,[183294.69],36181.92,[147112.86],0.0
939,[162346.72],15296.752,[147050.19],0.0
940,[185789.78],38807.39,[146982.39],0.0
941,[182998.98],36087.36,[146911.56],0.0
942,[176911.39],30067.27,[146844.14],0.0
943,[164907.61],18133.457,[146774.12],0.0
944,[186181.56],39484.9,[146696.36],0.0
945,[162060.16],15439.77,[146620.34],0.0
946,[185624.56],39071.664,[146553.06],0.0
947,[181414.4],34928.617,[146485.94],0.0
948,[167058.52],20641.148,[146417.02],0.0
949,[156601.36],10250.8955,[146350.61],0.0
950,[173034.17],26746.79,[146287.45],0.0
951,[168427.03],22196.791,[146230.56],0.0
952,[167936.61],21763.803,[146172.86],0.0
953,[166164.33],20050.717,[146113.7],0.0
954,[156982.12],10931.515,[146050.33],0.0
955,[165667.52],19685.482,[145982.42],0.0
956,[167943.75],22028.062,[145915.58],0.0
957,[172513.67],26666.045,[145847.17],0.0
958,[181069.6],35287.074,[145782.42],0.0
959,[176301.08],30581.527,[145720.],0.0
960,[185696.39],40044.496,[145652.05],0.0
961,[166515.6],20936.418,[145579.2],0.0
962,[180348.1],34838.926,[145508.95],0.0
963,[163415.75],17974.404,[145441.45],0.0
964,[182424.38],37057.004,[145367.16],0.0
965,[196767.14],51477.777,[145289.45],0.0
966,[169922.47],24710.543,[145212.12],0.0
967,[166693.3],21556.916,[145136.62],0.0
968,[170359.3],25295.541,[145063.78],0.0
969,[157837.12],12840.221,[144996.53],0.0
970,[177344.14],32414.662,[144929.72],0.0
971,[193685.92],48824.23,[144861.53],0.0
972,[166124.25],21334.43,[144789.98],0.0
973,[166073.64],21358.662,[144715.11],0.0
974,[176696.39],32058.166,[144638.52],0.0
975,[212596.78],68026.73,[144569.77],0.0
976,[175166.94],30658.893,[144507.48],0.0
977,[181286.45],36837.492,[144448.44],0.0
978,[173353.7],28962.203,[144391.12],0.0
979,[177020.56],32687.584,[144332.55],0.0
980,[178094.62],33817.742,[144277.38],0.0
981,[168411.67],24189.629,[144222.16],0.0
982,[176153.92],31987.076,[144166.72],0.0
983,[177030.03],32917.03,[144113.03],0.0
984,[165597.02],21537.797,[144059.6],0.0
985,[195347.64],51341.207,[144006.31],0.0
986,[168697.86],24744.033,[143954.19],0.0
987,[169179.39],25279.92,[143899.97],0.0
988,[162911.53],19074.932,[143836.48],0.0
989,[179708.1],35936.266,[143771.97],0.0
990,[160038.6],16326.873,[143711.89],0.0
991,[170643.83],26992.146,[143651.77],0.0
992,[159618.11],16027.342,[143590.5],0.0
993,[202975.14],59449.715,[143525.4],0.0
994,[183149.53],39686.594,[143463.11],0.0
995,[186667.55],43268.21,[143398.94],0.0
996,[179477.58],36146.562,[143331.31],0.0
997,[184260.6],40996.195,[143264.3],0.0
998,[173416.53],30219.775,[143196.33],0.0
999,[167882.61],24758.152,[143124.28],0.0
1000,[203071.9],60016.8,[143055.06],0.0
1001,[212676.86],69682.58,[142994.33],0.0
1002,[176644.6],33710.56,[142934.45],0.0
1003,[163731.48],20859.707,[142871.58],0.0
1004,[200051.86],57243.64,[142807.89],0.0
1005,[198320.06],55572.34,[142747.75],0.0
1006,[174731.61],32042.568,[142688.92],0.0
1007,[203942.08],61309.21,[142632.62],0.0
1008,[193840.34],51257.96,[142582.22],0.0
1009,[186821.56],44288.63,[142532.94],0.0
1010,[177201.27],34724.312,[142477.2],0.0
1011,[164143.06],21728.225,[142414.45],0.0
1012,[171602.16],29245.502,[142356.48],0.0
1013,[222814.47],80515.92,[142298.4],0.0
1014,[169775.36],27537.31,[142238.08],0.0
1015,[173932.78],31758.934,[142174.14],0.0
1016,[180684.44],38573.953,[142110.],0.0
1017,[203746.05],61703.492,[142043.27],0.0
1018,[178667.75],36688.402,[141979.72],0.0
1019,[186169.64],44250.113,[141919.56],0.0
1020,[180545.34],38688.086,[141856.92],0.0
1021,[179498.38],37703.008,[141795.33],0.0
1022,[170177.47],28448.484,[141728.61],0.0
1023,[165642.14],23980.633,[141661.95],0.0
1024,[179249.98],37655.19,[141594.72],0.0
1025,[168607.97],27082.32,[141525.53],0.0
1026,[170995.08],29540.25,[141454.62],0.0
1027,[171903.14],30517.463,[141386.],0.0
1028,[175633.94],34315.047,[141318.56],0.0
1029,[172160.03],30904.615,[141255.38],0.0
1030,[229200.61],88006.234,[141194.39],0.0
1031,[155947.19],14809.746,[141137.33],0.0
1032,[163659.5],22580.943,[141078.5],0.0
1033,[166769.2],25752.488,[141016.89],0.0
1034,[267434.22],126476.53,[140957.53],0.0
1035,[160572.92],19668.156,[140904.56],0.0
1036,[163300.73],22450.756,[140850.02],0.0
1037,[176332.11],35542.188,[140789.55],0.0
1038,[184478.58],43750.484,[140728.25],0.0
1039,[179662.8],38997.49,[140665.55],0.0
1040,[197469.62],56865.555,[140604.44],0.0
1041,[174785.17],34241.51,[140543.39],0.0
1042,[167421.47],26942.203,[140479.31],0.0
1043,[193203.25],52792.633,[140410.62],0.0
1044,[157369.81],17029.648,[140339.94],0.0
1045,[203635.],63367.234,[140267.11],0.0
1046,[165696.19],25498.979,[140197.67],0.0
1047,[189029.7],48900.496,[140129.11],0.0
1048,[171739.92],31676.475,[140063.69],0.0
1049,[176449.75],36451.375,[139998.5],0.0
1050,[217801.48],77870.945,[139930.05],0.0
1051,[173269.44],33407.16,[139862.5],0.0
1052,[231685.11],91890.26,[139794.6],0.0
1053,[221057.77],81328.89,[139729.11],0.0
1054,[191369.52],51705.566,[139663.64],0.0
1055,[171678.4],32073.5,[139605.42],0.0
1056,[185478.67],45930.52,[139548.4],0.0
1057,[177816.],38323.973,[139492.2],0.0
1058,[298973.22],159535.7,[139437.25],0.0
1059,[178507.],39122.05,[139385.33],0.0
1060,[213521.67],74188.9,[139332.83],0.0
1061,[192194.],52912.44,[139282.08],0.0
1062,[169830.39],30599.7,[139230.61],0.0
1063,[168469.56],29291.615,[139177.66],0.0
1064,[254690.03],115568.26,[139122.1],0.0
1065,[196563.9],57498.29,[139065.95],0.0
1066,[164417.08],25410.158,[139007.12],0.0
1067,[285032.7],146085.98,[138946.45],0.0
1068,[158556.17],19669.084,[138887.1],0.0
1069,[198552.7],59722.836,[138830.38],0.0
1070,[186418.72],47644.12,[138774.69],0.0
1071,[187209.98],48492.4,[138717.61],0.0
1072,[163879.31],25222.805,[138656.53],0.0
1073,[224840.78],86245.29,[138596.],0.0
1074,[193647.27],55105.4,[138541.7],0.0
1075,[157565.38],19073.285,[138492.34],0.0
1076,[203473.08],65034.918,[138438.2],0.0
1077,[220094.12],81706.33,[138388.16],0.0
1078,[225870.61],87528.96,[138341.92],0.0
1079,[187323.2],49029.1,[138294.],0.0
1080,[247745.81],109504.08,[138242.16],0.0
1081,[161224.4],23038.146,[138186.56],0.0
1082,[216875.67],78748.85,[138126.95],0.0
1083,[197521.23],59453.58,[138067.94],0.0
1084,[239203.31],101192.62,[138010.84],0.0
1085,[185846.84],47895.42,[137951.6],0.0
1086,[181152.97],43260.617,[137892.66],0.0
1087,[227689.7],89852.34,[137837.42],0.0
1088,[163792.11],26010.912,[137781.22],0.0
1089,[192775.16],55048.348,[137726.69],0.0
1090,[192789.55],55116.902,[137672.6],0.0
1091,[178852.56],41231.047,[137621.34],0.0
1092,[172080.42],34513.418,[137566.81],0.0
1093,[174410.],36900.223,[137509.39],0.0
1094,[187555.12],50108.734,[137446.39],0.0
1095,[184384.5],47005.465,[137379.02],0.0
1096,[203231.98],65922.38,[137309.84],0.0
1097,[226721.05],89472.27,[137249.16],0.0
1098,[197770.03],60576.152,[137193.97],0.0
1099,[199589.],62450.938,[137138.19],0.0
1100,[178525.31],41444.375,[137081.],0.0
1101,[191648.28],54623.75,[137024.1],0.0
1102,[156300.28],19332.654,[136967.45],0.0
1103,[155782.55],18877.342,[136905.34],0.0
1104,[169637.3],32800.887,[136836.45],0.0
1105,[218400.88],81631.49,[136769.5],0.0
1106,[175330.64],38628.04,[136702.58],0.0
1107,[212635.1],75997.86,[136637.6],0.0
1108,[244327.73],107756.234,[136571.42],0.0
1109,[188737.67],52225.824,[136511.42],0.0
1110,[355641.1],219187.17,[136453.64],0.0
1111,[291485.3],155088.05,[136397.4],0.0
1112,[404300.94],267956.53,[136344.36],0.0
1113,[226873.6],90575.79,[136297.67],0.0
1114,[183338.75],47092.98,[136245.81],0.0
1115,[214676.6],78488.74,[136187.7],0.0
1116,[195180.73],59047.383,[136133.72],0.0
1117,[210339.3],74258.01,[136081.31],0.0
1118,[178755.11],42723.062,[136032.25],0.0
1119,[166445.88],30465.857,[135980.05],0.0
1120,[169429.16],33502.285,[135927.02],0.0
1121,[166868.1],30992.346,[135875.77],0.0
1122,[215182.36],79358.76,[135823.52],0.0
1123,[183314.25],47544.79,[135769.61],0.0
1124,[190675.84],54958.234,[135717.67],0.0
1125,[178277.5],42616.594,[135660.81],0.0
1126,[247707.11],112105.34,[135601.7],0.0
1127,[209417.61],73874.57,[135543.05],0.0
1128,[170585.9],35105.27,[135480.52],0.0
1129,[167569.92],32147.744,[135422.2],0.0
1130,[267118.34],131755.0,[135363.23],0.0
1131,[186636.92],51330.67,[135306.12],0.0
1132,[269671.62],134423.28,[135248.33],0.0
1133,[176139.62],40948.43,[135191.16],0.0
1134,[175230.12],40091.45,[135138.72],0.0
1135,[194606.03],59520.777,[135085.33],0.0
1136,[228262.2],93230.93,[135031.16],0.0
1137,[202604.38],67633.086,[134971.25],0.0
1138,[225422.1],90515.055,[134907.16],0.0
1139,[188323.64],53479.64,[134843.83],0.0
1140,[207276.88],72499.38,[134777.64],0.0
1141,[282529.62],147816.06,[134713.77],0.0
1142,[172286.16],37629.016,[134657.22],0.0
1143,[270223.],135623.84,[134599.48],0.0
1144,[223249.02],88709.375,[134539.69],0.0
1145,[323062.25],188579.02,[134483.12],0.0
1146,[216982.56],82554.45,[134428.05],0.0
1147,[199803.2],65435.215,[134368.19],0.0
1148,[233570.5],99266.28,[134304.28],0.0
1149,[203810.12],69576.53,[134233.62],0.0
1150,[253741.61],119572.62,[134168.97],0.0
1151,[206122.22],72007.836,[134114.36],0.0
1152,[269417.22],135352.45,[134064.8],0.0
1153,[211265.23],77249.76,[134015.48],0.0
1154,[235521.84],101557.62,[133964.36],0.0
1155,[165550.89],31637.535,[133913.52],0.0
1156,[259623.48],125763.52,[133859.69],0.0
1157,[357187.5],223382.66,[133804.92],0.0
1158,[234540.75],100788.53,[133752.12],0.0
1159,[270660.12],136959.28,[133701.03],0.0
1160,[600010.94],466359.7,[133651.6],0.0
1161,[200169.47],66567.8,[133601.8],0.0
1162,[224301.08],90751.94,[133549.2],0.0
1163,[209121.62],75623.88,[133497.78],0.0
1164,[221757.36],88306.445,[133450.75],0.0
1165,[257259.06],123855.22,[133403.72],0.0
1166,[176463.58],43109.26,[133354.31],0.0
1167,[212128.34],78825.125,[133303.27],0.0
1168,[169585.34],36330.68,[133254.81],0.0
1169,[165415.88],32212.861,[133203.],0.0
1170,[204187.72],71034.586,[133153.1],0.0
1171,[241681.5],108573.055,[133108.39],0.0
1172,[241400.97],108336.4,[133064.61],0.0
1173,[870546.9],737523.0,[133023.02],0.0
1174,[195595.11],62615.0,[132980.44],0.0
1175,[219726.22],86786.445,[132939.64],0.0
1176,[252638.31],119740.59,[132897.62],0.0
1177,[236520.1],103668.1,[132852.06],0.0
1178,[193921.61],61116.8,[132804.73],0.0
1179,[182950.02],50192.64,[132757.39],0.0
1180,[213039.55],80330.016,[132709.4],0.0
1181,[184018.16],51359.562,[132658.56],0.0
1182,[241770.94],109159.38,[132611.45],0.0
1183,[200528.39],67963.03,[132565.42],0.0
1184,[170768.67],38252.64,[132516.11],0.0
1185,[211424.31],78960.05,[132464.44],0.0
1186,[233017.42],100601.31,[132416.08],0.0
1187,[262612.62],130245.25,[132367.47],0.0
1188,[282749.34],150432.62,[132316.7],0.0
1189,[185582.33],53318.812,[132263.47],0.0
1190,[252155.28],119948.32,[132207.1],0.0
1191,[170812.08],38657.117,[132154.86],0.0
1192,[164088.66],31985.244,[132103.22],0.0
1193,[297601.22],165547.56,[132053.6],0.0
1194,[177675.5],45668.523,[132007.03],0.0
1195,[223725.8],91764.984,[131960.75],0.0
1196,[302708.97],170796.7,[131912.1],0.0
1197,[202807.98],70946.375,[131861.62],0.0
1198,[183444.72],51630.543,[131814.12],0.0
1199,[169127.58],37362.746,[131764.86],0.0
1200,[166340.2],34627.13,[131713.19],0.0
1201,[211874.89],80213.53,[131661.27],0.0
1202,[218057.3],86447.52,[131609.83],0.0
1203,[212917.36],81355.445,[131562.06],0.0
1204,[286942.],155427.8,[131514.2],0.0
1205,[487671.06],356206.44,[131464.42],0.0
1206,[211380.94],79962.65,[131418.25],0.0
1207,[196410.12],65034.234,[131375.84],0.0
1208,[216824.84],85491.0,[131333.86],0.0
1209,[214530.53],83241.03,[131289.42],0.0
1210,[339767.97],208523.86,[131244.27],0.0
1211,[187705.23],56506.16,[131198.97],0.0
1212,[162517.83],31362.385,[131155.48],0.0
1213,[251836.97],120725.38,[131111.58],0.0
1214,[741563.8],610496.1,[131067.125],0.0
1215,[404443.34],273421.2,[131022.15],0.0
1216,[277080.44],146108.27,[130972.23],0.0
1217,[268910.28],137989.45,[130920.805],0.0
1218,[172059.97],41185.68,[130874.27],0.0
1219,[193334.48],62502.58,[130831.92],0.0
1220,[261730.53],130935.75,[130794.984],0.0
1221,[223968.42],93209.96,[130758.41],0.0
1222,[493657.5],362938.9,[130718.484],0.0
1223,[193648.14],62971.7,[130676.56],0.0
1224,[246739.22],116108.98,[130630.25],0.0
1225,[754333.3],623749.5,[130583.52],0.0
1226,[315212.6],184672.6,[130539.89],0.0
1227,[162534.94],32035.559,[130499.19],0.0
1228,[307518.1],177059.62,[130458.45],0.0
1229,[253687.16],123269.48,[130417.69],0.0
1230,[358003.44],227626.27,[130377.04],0.0
1231,[248563.23],118227.74,[130335.69],0.0
1232,[224189.2],93892.04,[130297.086],0.0
1233,[177813.],47555.0,[130257.75],0.0
1234,[367768.53],237547.77,[130220.6],0.0
1235,[250451.9],120268.695,[130183.36],0.0
1236,[288757.4],158612.6,[130145.09],0.0
1237,[239865.12],109757.81,[130107.39],0.0
1238,[539326.56],409254.5,[130072.016],0.0
1239,[212739.58],82704.375,[130035.37],0.0
1240,[151096.92],21097.807,[129999.33],0.0
1241,[447441.],317481.28,[129959.9],0.0
1242,[442033.38],312109.97,[129923.28],0.0
1243,[277493.53],147606.08,[129887.78],0.0
1244,[350614.88],220765.17,[129850.01],0.0
1245,[196726.02],66917.21,[129809.],0.0
1246,[219730.73],89963.53,[129766.91],0.0
1247,[269789.78],140065.42,[129724.695],0.0
1248,[342771.47],213088.84,[129682.89],0.0
1249,[180819.52],51175.387,[129644.18],0.0
1250,[227750.42],98145.46,[129604.93],0.0
1251,[938826.4],809260.2,[129566.03],0.0
1252,[282010.62],152481.1,[129529.54],0.0
1253,[370608.],241115.72,[129492.35],0.0
1254,[192789.8],63333.406,[129456.38],0.0
1255,[393070.2],263650.22,[129420.06],0.0
1256,[424773.56],295389.62,[129383.98],0.0
1257,[266444.5],137094.72,[129349.77],0.0
1258,[192306.98],62992.227,[129314.47],0.0
1259,[202335.08],73056.39,[129278.78],0.0
1260,[210136.2],80893.516,[129242.81],0.0
1261,[168346.36],39140.566,[129205.93],0.0
1262,[548739.],419571.7,[129167.234],0.0
1263,[439847.78],310716.75,[129130.92],0.0
1264,[387753.94],258660.89,[129092.94],0.0
1265,[201453.],72395.87,[129057.12],0.0
1266,[1092010.1],962988.7,[129022.18],0.0
1267,[171979.19],42994.734,[128984.5],0.0
1268,[750978.25],622033.94,[128944.31],0.0
1269,[639447.25],510544.44,[128902.664],0.0
1270,[337186.22],208321.2,[128865.04],0.0
1271,[196387.84],67560.64,[128827.28],0.0
1272,[695395.9],566611.1,[128784.47],0.0
1273,[190943.73],62200.207,[128743.53],0.0
1274,[207112.14],78407.4,[128704.516],0.0
1275,[539315.6],410650.78,[128664.234],0.0
1276,[382608.34],253986.9,[128621.29],0.0
1277,[416338.7],287760.2,[128578.805],0.0
1278,[339647.6],211109.16,[128538.83],0.0
1279,[289158.9],160660.25,[128498.914],0.0
1280,[423209.03],294752.22,[128456.59],0.0
1281,[517512.3],389095.5,[128417.02],0.0
1282,[361218.],232834.48,[128383.],0.0
1283,[247328.5],118980.695,[128348.125],0.0
1284,[370089.78],241776.67,[128312.984],0.0
1285,[268846.],140571.53,[128274.35],0.0
1286,[1099633.9],971400.75,[128233.58],0.0
1287,[527702.56],399508.0,[128194.25],0.0
1288,[228588.48],100433.164,[128155.18],0.0
1289,[241694.77],113577.69,[128117.17],0.0
1290,[301350.22],173275.72,[128074.72],0.0
1291,[712841.94],584809.44,[128033.016],0.0
1292,[467941.8],339952.97,[127988.86],0.0
1293,[228976.25],101029.164,[127947.02],0.0
1294,[270180.84],142274.98,[127905.83],0.0
1295,[731662.8],603797.8,[127864.34],0.0
1296,[969131.9],841310.0,[127822.06],0.0
1297,[416357.94],288579.44,[127778.71],0.0
1298,[242045.78],114310.06,[127735.7],0.0
1299,[192941.1],65251.895,[127689.09],0.0
1300,[789680.4],662035.1,[127645.76],0.0
1301,[298656.8],171053.88,[127603.06],0.0
1302,[1305172.5],1177612.9,[127559.07],0.0
1303,[241142.06],113626.76,[127515.195],0.0
1304,[1105620.2],978149.7,[127470.47],0.0
1305,[435842.84],308415.53,[127427.17],0.0
1306,[224858.78],97475.63,[127383.33],0.0
1307,[239480.8],112141.81,[127339.05],0.0
1308,[173072.92],45779.547,[127293.516],0.0
1309,[303822.03],176574.86,[127247.29],0.0
1310,[1267450.8],1140246.4,[127204.54],0.0
1311,[486205.7],359035.84,[127169.29],0.0
1312,[396222.22],269084.2,[127137.95],0.0
1313,[522968.34],395862.22,[127106.14],0.0
1314,[374097.44],247023.84,[127073.4],0.0
1315,[236271.03],109229.02,[127042.25],0.0
1316,[178327.98],51317.453,[127010.41],0.0
1317,[230101.58],103127.73,[126974.12],0.0
1318,[207618.4],80682.414,[126936.],0.0
1319,[784964.44],658069.56,[126895.086],0.0
1320,[225140.92],98285.42,[126855.53],0.0
1321,[221442.38],94623.89,[126818.586],0.0
1322,[718287.3],591505.44,[126781.49],0.0
1323,[160565.66],33825.04,[126740.57],0.0
1324,[475521.62],348822.6,[126699.14],0.0
1325,[176879.22],50219.473,[126659.9],0.0
1326,[1741787.9],1615171.6,[126618.96],0.0
1327,[293380.78],166802.28,[126578.555],0.0
1328,[430200.3],303664.72,[126535.79],0.0
1329,[274290.72],147794.86,[126495.82],0.0
1330,[232648.34],106190.78,[126457.375],0.0
1331,[292630.75],166212.6,[126418.195],0.0
1332,[396780.],270398.84,[126381.07],0.0
1333,[1200040.5],1073696.8,[126344.25],0.0
1334,[344400.94],218095.2,[126305.63],0.0
1335,[239649.75],113383.49,[126266.04],0.0
1336,[707498.06],581268.4,[126229.53],0.0
1337,[222303.7],96110.8,[126192.78],0.0
1338,[1368106.1],1241952.2,[126153.02],0.0
1339,[379130.12],253018.06,[126112.34],0.0
1340,[797183.1],671108.1,[126074.57],0.0
1341,[220068.02],94029.04,[126038.79],0.0
1342,[625404.3],499399.06,[126005.29],0.0
1343,[179374.28],53402.375,[125971.87],0.0
1344,[167047.38],41107.562,[125939.836],0.0
1345,[1252693.1],1126785.9,[125907.9],0.0
1346,[366196.66],240321.27,[125875.58],0.0
1347,[618541.44],492697.47,[125843.984],0.0
1348,[179351.02],53538.832,[125812.22],0.0
1349,[474123.12],348345.66,[125776.79],0.0
1350,[603598.44],477862.56,[125736.125],0.0
1351,[213584.38],87886.68,[125697.56],0.0
1352,[252896.44],127241.14,[125655.41],0.0
1353,[1831323.8],1705712.2,[125610.11],0.0
1354,[237712.3],112146.35,[125566.13],0.0
1355,[1652551.4],1527032.1,[125518.46],0.0
1356,[451767.62],326296.62,[125470.984],0.0
1357,[315933.28],190501.73,[125431.37],0.0
1358,[251026.8],125630.32,[125396.766],0.0
1359,[212406.6],87045.586,[125361.07],0.0
1360,[211860.69],86535.54,[125325.125],0.0
1361,[275887.8],150597.8,[125289.89],0.0
1362,[298118.88],172866.98,[125252.04],0.0
1363,[820845.94],695636.1,[125209.82],0.0
1364,[301930.34],176764.22,[125166.19],0.0
1365,[279448.06],154322.22,[125125.52],0.0
1366,[618590.3],493500.75,[125089.555],0.0
1367,[833857.5],708802.2,[125054.91],0.0
1368,[536121.],411099.84,[125020.92],0.0
1369,[1127726.1],1002738.0,[124988.664],0.0
1370,[367981.34],243025.2,[124956.15],0.0
1371,[901280.94],776358.2,[124922.73],0.0
1372,[256189.34],131300.48,[124888.805],0.0
1373,[368473.16],243618.48,[124854.55],0.0
1374,[171722.25],46900.508,[124821.77],0.0
1375,[1007396.75],882609.2,[124787.89],0.0
1376,[233489.56],108732.33,[124757.3],0.0
1377,[638768.1],514040.75,[124727.65],0.0
1378,[1254009.9],1129314.5,[124694.67],0.0
1379,[302078.22],177418.72,[124659.664],0.0
1380,[421752.6],297129.9,[124622.88],0.0
1381,[619076.5],494489.7,[124586.195],0.0
1382,[468162.16],343613.56,[124549.125],0.0
1383,[1031482.8],906970.7,[124512.73],0.0
1384,[917315.94],792841.44,[124474.83],0.0
1385,[266136.28],141700.89,[124435.24],0.0
1386,[1413814.5],1289422.0,[124394.164],0.0
1387,[206822.47],82469.0,[124353.54],0.0
1388,[465298.62],340984.75,[124313.73],0.0
1389,[243548.45],119274.734,[124273.625],0.0
1390,[544345.4],420109.72,[124235.55],0.0
1391,[834527.1],710326.0,[124200.64],0.0
1392,[591909.],467743.12,[124165.805],0.0
1393,[294454.84],170323.55,[124131.4],0.0
1394,[1093512.],969415.7,[124096.67],0.0
1395,[335267.5],211206.83,[124060.91],0.0
1396,[296252.53],172222.78,[124029.984],0.0
1397,[358214.2],234214.2,[124000.086],0.0
1398,[308808.7],184841.56,[123967.03],0.0
1399,[1431840.4],1307903.1,[123936.984],0.0
1400,[335399.22],211490.97,[123908.09],0.0
1401,[716197.8],592319.0,[123878.44],0.0
1402,[297942.1],174094.52,[123847.695],0.0
1403,[269025.25],145209.34,[123815.79],0.0
1404,[340852.6],217071.69,[123780.93],0.0
1405,[1011592.75],887845.5,[123746.97],0.0
1406,[1039933.75],916220.94,[123712.96],0.0
1407,[426430.56],302752.9,[123677.68],0.0
1408,[714397.1],590753.06,[123643.4],0.0
1409,[192199.95],68591.984,[123607.68],0.0
1410,[645029.44],521458.38,[123571.36],0.0
1411,[297068.53],173529.44,[123538.91],0.0
1412,[693024.5],569522.6,[123503.34],0.0
1413,[1195393.4],1071927.0,[123465.805],0.0
1414,[338346.03],214915.98,[123430.13],0.0
1415,[317371.7],193973.92,[123397.88],0.0
1416,[1474668.],1351301.8,[123366.68],0.0
1417,[445025.6],321690.34,[123335.28],0.0
1418,[167753.48],44449.99,[123303.54],0.0
1419,[584499.3],461229.12,[123270.24],0.0
1420,[418042.97],294809.28,[123233.336],0.0
1421,[1277701.],1154503.9,[123197.336],0.0
1422,[1037646.75],914484.4,[123162.17],0.0
1423,[1349295.],1226166.9,[123126.3],0.0
1424,[383002.9],259912.33,[123090.79],0.0
1425,[580771.],457713.88,[123057.24],0.0
1426,[402907.56],279884.62,[123023.4],0.0
1427,[273616.1],150629.22,[122986.75],0.0
1428,[1546976.9],1424033.4,[122943.58],0.0
1429,[850020.9],727123.9,[122897.4],0.0
1430,[979820.3],856965.3,[122855.586],0.0
1431,[232431.36],109619.664,[122811.766],0.0
1432,[1096866.5],974098.56,[122767.27],0.0
1433,[1944644.],1821915.4,[122728.46],0.0
1434,[1205504.8],1082811.4,[122692.08],0.0
1435,[1574755.6],1452100.1,[122656.086],0.0
1436,[260851.45],138226.9,[122624.44],0.0
1437,[1730298.8],1607704.4,[122594.58],0.0
1438,[441457.56],318893.0,[122564.375],0.0
1439,[317008.9],194474.72,[122534.15],0.0
1440,[327497.94],204993.12,[122504.89],0.0
1441,[324247.78],201772.2,[122475.516],0.0
1442,[431239.34],308793.8,[122445.6],0.0
1443,[176210.17],53797.312,[122412.84],0.0
1444,[1529891.],1407514.5,[122376.945],0.0
1445,[625939.9],503600.72,[122339.42],0.0
1446,[1018327.2],896019.5,[122307.51],0.0
1447,[211527.11],89249.67,[122277.45],0.0
1448,[293355.6],171110.73,[122245.125],0.0
1449,[233722.62],111511.695,[122210.94],0.0
1450,[755667.7],633490.2,[122177.625],0.0
1451,[210384.52],88239.19,[122145.27],0.0
1452,[201538.28],79426.32,[122112.125],0.0
1453,[835329.4],713252.75,[122076.17],0.0
1454,[1720896.1],1598855.5,[122042.14],0.0
1455,[266291.06],144281.5,[122009.664],0.0
1456,[393833.06],271857.4,[121975.6],0.0
1457,[396958.66],275018.66,[121940.07],0.0
1458,[196972.7],75066.5,[121906.04],0.0
1459,[738129.94],616256.4,[121872.64],0.0
1460,[545868.],424026.78,[121841.54],0.0
1461,[570123.1],448311.66,[121811.47],0.0
1462,[182697.],60915.773,[121781.195],0.0
1463,[1930917.8],1809166.5,[121751.625],0.0
1464,[967920.56],846197.06,[121722.414],0.0
1465,[931199.5],809506.44,[121693.15],0.0
1466,[512407.],390741.75,[121665.24],0.0
1467,[503669.75],382032.1,[121637.63],0.0
1468,[362541.94],240933.28,[121608.484],0.0
1469,[1207063.1],1085488.9,[121575.35],0.0
1470,[624736.94],503196.7,[121540.67],0.0
1471,[3510752.],3389238.2,[121507.86],0.0
1472,[569594.7],448119.38,[121475.586],0.0
1473,[151277.64],29833.555,[121444.05],0.0
1474,[510936.72],389523.66,[121412.984],0.0
1475,[167794.64],46414.51,[121380.05],0.0
1476,[235424.64],114080.01,[121344.45],0.0
1477,[449915.94],328607.44,[121308.49],0.0
1478,[1688460.9],1567190.2,[121271.33],0.0
1479,[431126.3],309893.38,[121232.85],0.0
1480,[272036.62],150839.84,[121196.734],0.0
1481,[371655.3],250494.36,[121161.266],0.0
1482,[410913.66],289788.47,[121125.24],0.0
1483,[321376.47],200283.77,[121092.82],0.0
1484,[859487.3],738427.5,[121059.45],0.0
1485,[517433.1],396407.44,[121025.83],0.0
1486,[184899.88],63908.676,[120991.26],0.0
1487,[247450.55],126496.56,[120954.125],0.0
1488,[304597.72],183683.05,[120914.07],0.0
1489,[1204884.4],1084010.2,[120874.37],0.0
1490,[266622.1],145785.03,[120837.06],0.0
1491,[171358.94],50557.297,[120801.54],0.0
1492,[2097725.8],1976960.6,[120764.914],0.0
1493,[455585.97],334859.38,[120726.69],0.0
1494,[353483.66],232797.44,[120686.07],0.0
1495,[325253.9],204607.17,[120647.016],0.0
1496,[1371320.6],1250711.5,[120608.5],0.0
1497,[1233539.5],1112970.4,[120569.516],0.0
1498,[1448087.],1327554.1,[120532.555],0.0
1499,[286993.],166493.9,[120498.945],0.0
1500,[422463.66],302000.38,[120463.45],0.0
1501,[450305.72],329875.53,[120430.016],0.0
1502,[226703.03],106305.19,[120397.875],0.0
1503,[252202.88],131840.1,[120362.92],0.0
1504,[201837.5],81511.73,[120325.82],0.0
1505,[490330.66],370044.75,[120285.766],0.0
1506,[357970.47],237726.17,[120244.45],0.0
1507,[845255.2],725053.06,[120202.03],0.0
1508,[317217.47],197056.73,[120160.6],0.0
1509,[1168099.],1047978.44,[120121.35],0.0
1510,[275182.2],155097.58,[120084.32],0.0
1511,[224389.11],104342.0,[120047.086],0.0
1512,[215203.47],95194.32,[120009.195],0.0
1513,[245365.08],125395.86,[119969.18],0.0
1514,[331318.4],211387.0,[119931.44],0.0
1515,[212259.2],92362.516,[119896.72],0.0
1516,[323719.2],203854.97,[119864.36],0.0
1517,[902308.56],782477.75,[119830.68],0.0
1518,[288168.44],168370.16,[119798.15],0.0
1519,[996057.3],876294.0,[119762.47],0.0
1520,[742410.2],622684.44,[119726.63],0.0
1521,[305833.97],186139.88,[119694.],0.0
1522,[158210.03],38550.145,[119659.81],0.0
1523,[291037.8],171414.06,[119623.63],0.0
1524,[256679.22],137089.56,[119589.98],0.0
1525,[1012801.44],893245.06,[119556.016],0.0
1526,[258946.33],139424.47,[119521.7],0.0
1527,[265217.12],145730.19,[119487.125],0.0
1528,[225355.34],105902.664,[119452.64],0.0
1529,[1166740.1],1047320.56,[119420.1],0.0
1530,[673154.06],553766.44,[119387.33],0.0
1531,[628373.5],509019.72,[119353.87],0.0
1532,[374250.28],254930.36,[119319.97],0.0
1533,[1008148.56],888860.5,[119287.04],0.0
1534,[1357885.9],1238629.2,[119255.59],0.0
1535,[1962158.4],1842930.6,[119224.05],0.0
1536,[1554311.4],1435116.4,[119195.53],0.0
1537,[242930.],123759.03,[119170.914],0.0
1538,[183016.16],63869.26,[119146.76],0.0
1539,[529422.75],410298.34,[119124.39],0.0
1540,[432880.78],313780.88,[119100.01],0.0
1541,[209152.73],90080.22,[119072.516],0.0
1542,[204205.05],85162.29,[119042.664],0.0
1543,[518689.78],399676.66,[119012.8],0.0
1544,[530379.06],411395.6,[118983.71],0.0
1545,[567649.1],448695.03,[118954.21],0.0
1546,[179620.67],60699.82,[118920.766],0.0
1547,[1822557.2],1703672.1,[118884.766],0.0
1548,[293282.22],174431.83,[118850.4],0.0
1549,[229101.31],110284.766,[118816.484],0.0
1550,[1438731.9],1319948.1,[118782.79],0.0
1551,[2775774.],2657025.0,[118748.09],0.0
1552,[214594.03],95883.09,[118711.18],0.0
1553,[288656.72],169984.31,[118672.16],0.0
1554,[181339.19],62705.254,[118633.91],0.0
1555,[448616.94],330023.6,[118593.26],0.0
1556,[811010.94],692459.5,[118552.31],0.0
1557,[252738.94],134223.67,[118515.24],0.0
1558,[1288188.2],1169709.1,[118479.266],0.0
1559,[480279.6],361834.22,[118445.28],0.0
1560,[522692.],404280.3,[118411.97],0.0
1561,[639338.75],520960.12,[118379.055],0.0
1562,[224711.9],106365.18,[118346.68],0.0
1563,[826953.9],708638.6,[118313.67],0.0
1564,[454681.84],336402.56,[118279.21],0.0
1565,[1869404.8],1751161.0,[118244.35],0.0
1566,[2458407.],2340200.2,[118207.76],0.0
1567,[2372623.],2254450.0,[118173.2],0.0
1568,[341394.1],223255.53,[118139.25],0.0
1569,[633452.75],515348.56,[118104.12],0.0
1570,[170694.77],52626.656,[118068.086],0.0
1571,[3041373.2],2923338.5,[118033.73],0.0
1572,[426106.94],308106.84,[118000.125],0.0
1573,[232034.89],114063.234,[117971.81],0.0
1574,[365123.62],247180.27,[117943.44],0.0
1575,[220798.89],102885.45,[117913.54],0.0
1576,[5595187.],5477311.0,[117882.11],0.0
1577,[272198.25],154348.36,[117850.055],0.0
1578,[495561.34],377742.44,[117818.77],0.0
1579,[2286885.],2169099.0,[117788.19],0.0
1580,[420035.22],302278.28,[117756.84],0.0
1581,[1317238.5],1199515.4,[117724.2],0.0
1582,[1702782.5],1585083.6,[117696.92],0.0
1583,[417281.03],299608.1,[117673.09],0.0
1584,[386259.97],268614.22,[117645.31],0.0
1585,[252620.27],135006.8,[117613.48],0.0
1586,[999189.94],881611.6,[117578.27],0.0
1587,[597389.4],479843.88,[117545.24],0.0
1588,[920617.2],803102.8,[117514.3],0.0
1589,[994596.06],877112.9,[117482.39],0.0
1590,[161759.83],44311.0,[117449.01],0.0
1591,[445725.06],328305.84,[117419.26],0.0
1592,[1108124.6],990733.94,[117391.086],0.0
1593,[684083.5],566721.94,[117361.61],0.0
1594,[303050.47],185716.83,[117334.06],0.0
1595,[689514.75],572209.75,[117304.46],0.0
1596,[188772.55],71500.21,[117272.41],0.0
1597,[279534.97],162297.78,[117236.97],0.0
1598,[351669.4],234470.36,[117199.04],0.0
1599,[447003.16],329840.0,[117163.13],0.0
1600,[824134.3],707001.56,[117132.35],0.0
1601,[751682.8],634578.0,[117103.664],0.0
1602,[1347775.1],1230696.6,[117078.86],0.0
1603,[569074.5],452019.72,[117055.83],0.0
1604,[776186.75],659156.5,[117030.37],0.0
1605,[2102284.2],1985280.9,[117003.47],0.0
1606,[195786.61],78808.62,[116978.13],0.0
1607,[1367714.9],1250763.0,[116951.52],0.0
1608,[982209.4],865286.7,[116923.44],0.0
1609,[315888.75],198992.34,[116896.66],0.0
1610,[215666.78],98797.96,[116869.03],0.0
1611,[3889535.5],3772690.2,[116840.5],0.0
1612,[1721868.1],1605052.6,[116814.68],0.0
1613,[1943741.5],1826957.1,[116784.94],0.0
1614,[669021.8],552270.0,[116751.99],0.0
1615,[708046.9],591327.7,[116719.66],0.0
1616,[1566576.9],1449888.5,[116689.73],0.0
1617,[731950.3],615290.7,[116660.37],0.0
1618,[1160508.1],1043876.4,[116631.93],0.0
1619,[504010.44],387406.84,[116603.83],0.0
1620,[291200.97],174623.44,[116577.31],0.0
1621,[1582549.4],1465998.0,[116550.32],0.0
1622,[1174627.4],1058105.4,[116521.53],0.0
1623,[228729.2],112240.93,[116488.27],0.0
1624,[286955.3],170501.95,[116453.27],0.0
1625,[2928024.],2811605.0,[116418.44],0.0
1626,[1351749.5],1235358.4,[116390.39],0.0
1627,[733945.3],617583.25,[116360.8],0.0
1628,[677515.9],561186.25,[116329.62],0.0
1629,[879545.75],763251.5,[116295.125],0.0
1630,[1678759.1],1562500.4,[116259.43],0.0
1631,[386217.8],269991.75,[116225.96],0.0
1632,[169419.33],53226.504,[116192.68],0.0
1633,[241479.88],125322.336,[116157.625],0.0
1634,[530278.06],414158.34,[116119.93],0.0
1635,[501176.4],385095.84,[116080.78],0.0
1636,[611483.75],495435.3,[116048.78],0.0
1637,[325621.1],209602.22,[116018.96],0.0
1638,[454566.38],338578.53,[115987.68],0.0
1639,[1092400.6],976444.2,[115956.51],0.0
1640,[188932.05],73007.47,[115924.63],0.0
1641,[683561.7],567668.9,[115892.71],0.0
1642,[446007.8],330143.47,[115864.555],0.0
1643,[829359.94],713521.2,[115837.69],0.0
1644,[373525.66],257713.12,[115812.52],0.0
1645,[580567.7],464778.75,[115788.914],0.0
1646,[579307.8],463543.75,[115763.75],0.0
1647,[843718.6],727979.9,[115738.945],0.0
1648,[592292.94],476576.75,[115716.11],0.0
1649,[907981.5],792288.44,[115692.32],0.0
1650,[765005.44],649337.56,[115667.72],0.0
1651,[1241389.1],1125747.5,[115641.52],0.0
1652,[308553.78],192939.48,[115614.414],0.0
1653,[384749.12],269165.0,[115584.22],0.0
1654,[279107.75],163554.78,[115552.87],0.0
1655,[377821.53],262296.4,[115524.88],0.0
1656,[706067.9],590571.3,[115496.74],0.0
1657,[1487536.1],1372070.4,[115465.305],0.0
1658,[624762.75],509326.3,[115436.45],0.0
1659,[842660.44],727249.56,[115410.81],0.0
1660,[3752871.2],3637486.2,[115386.48],0.0
1661,[305843.22],190478.84,[115364.65],0.0
1662,[318537.16],203197.83,[115339.305],0.0
1663,[193206.94],77894.05,[115312.89],0.0
1664,[372752.75],257466.27,[115286.39],0.0
1665,[1223868.2],1108609.0,[115259.07],0.0
1666,[1326357.4],1211126.0,[115231.81],0.0
1667,[307597.1],192392.64,[115204.19],0.0
1668,[377287.47],262111.05,[115176.734],0.0
1669,[607531.44],492383.22,[115148.59],0.0
1670,[2093465.6],1978346.0,[115119.11],0.0
1671,[485719.06],370631.44,[115087.67],0.0
1672,[385288.5],270230.22,[115058.26],0.0
1673,[3339922.2],3224893.0,[115029.97],0.0
1674,[2590176.5],2475166.2,[115005.27],0.0
1675,[329945.12],214961.33,[114983.766],0.0
1676,[362219.25],247260.94,[114958.21],0.0
1677,[2000497.6],1885564.1,[114933.414],0.0
1678,[834979.94],720070.56,[114909.5],0.0
1679,[481936.72],367051.56,[114884.93],0.0
1680,[1085907.8],971045.6,[114862.305],0.0
1681,[651304.94],536465.06,[114839.18],0.0
1682,[855938.06],741122.06,[114815.06],0.0
1683,[1358073.5],1243282.2,[114792.01],0.0
1684,[2021733.2],1906965.8,[114767.63],0.0
1685,[956833.8],842088.25,[114745.91],0.0
1686,[429727.06],315002.16,[114724.94],0.0
1687,[1688893.9],1574191.2,[114701.45],0.0
1688,[1784851.4],1670173.9,[114677.83],0.0
1689,[1528655.],1414002.6,[114652.41],0.0
1690,[1152261.],1037630.75,[114628.83],0.0
1691,[452280.44],337670.47,[114609.93],0.0
1692,[2395448.5],2280858.2,[114590.2],0.0
1693,[607106.9],492536.56,[114570.695],0.0
1694,[1089509.4],974959.56,[114550.35],0.0
1695,[823625.75],709096.8,[114529.18],0.0
1696,[1480025.2],1365519.0,[114505.17],0.0
1697,[2077821.2],1963338.6,[114482.945],0.0
1698,[696413.],581953.06,[114460.086],0.0
1699,[2582211.5],2467776.8,[114436.984],0.0
1700,[412463.56],298049.84,[114414.06],0.0
1701,[808844.3],694456.25,[114388.99],0.0
1702,[1643598.9],1529234.1,[114364.27],0.0
1703,[1884552.1],1770214.8,[114337.664],0.0
1704,[4500302.5],4385994.0,[114312.25],0.0
1705,[2010715.8],1896424.6,[114289.97],0.0
1706,[1657191.2],1542925.2,[114266.37],0.0
1707,[819315.94],705074.4,[114240.64],0.0
1708,[1524901.5],1410687.1,[114214.55],0.0
1709,[812970.7],698782.1,[114188.82],0.0
1710,[609130.6],494966.2,[114164.54],0.0
1711,[1965995.],1851857.0,[114138.02],0.0
1712,[2121984.8],2007871.9,[114113.95],0.0
1713,[294531.56],180444.95,[114086.55],0.0
1714,[2436453.],2322388.5,[114060.37],0.0
1715,[872629.5],758594.1,[114035.14],0.0
1716,[2751883.2],2637871.0,[114011.016],0.0
1717,[263823.2],149839.66,[113983.73],0.0
1718,[1224907.],1110950.5,[113954.734],0.0
1719,[592896.5],478969.4,[113927.016],0.0
1720,[314661.94],200760.38,[113901.67],0.0
1721,[1193812.8],1079940.6,[113873.78],0.0
1722,[217699.16],103854.47,[113844.87],0.0
1723,[1049095.4],935277.8,[113816.555],0.0
1724,[1458096.6],1344310.5,[113786.98],0.0
1725,[209034.27],95277.164,[113757.055],0.0
1726,[809372.56],695645.3,[113727.945],0.0
1727,[227659.52],113960.95,[113698.74],0.0
1728,[891367.1],777700.1,[113667.95],0.0
1729,[245644.58],132008.4,[113636.21],0.0
1730,[3345407.8],3231798.2,[113604.22],0.0
1731,[821602.9],708028.3,[113574.1],0.0
1732,[1990080.6],1876535.2,[113545.16],0.0
1733,[4754075.],4640559.5,[113515.85],0.0
1734,[726680.2],613194.1,[113486.125],0.0
1735,[235591.03],122133.38,[113457.336],0.0
1736,[584323.9],470891.5,[113432.63],0.0
1737,[3192435.2],3079025.0,[113410.164],0.0
1738,[1485906.5],1372513.6,[113391.06],0.0
1739,[764946.1],651571.2,[113374.39],0.0
1740,[1806951.8],1693595.6,[113356.36],0.0
1741,[226129.52],112791.84,[113337.66],0.0
1742,[1799563.9],1686247.6,[113316.01],0.0
1743,[1387747.6],1274453.2,[113294.586],0.0
1744,[2342879.5],2229604.2,[113274.3],0.0
1745,[1515026.],1401771.6,[113253.2],0.0
1746,[577197.1],463967.03,[113229.63],0.0
1747,[712826.2],599622.75,[113202.84],0.0
1748,[328726.72],215552.33,[113174.81],0.0
1749,[2706124.5],2592978.5,[113149.54],0.0
1750,[1738889.8],1625762.6,[113127.36],0.0
1751,[691591.9],578484.25,[113106.89],0.0
1752,[228924.58],115839.9,[113084.56],0.0
1753,[192913.75],79853.5,[113060.2],0.0
1754,[989058.9],876024.7,[113034.59],0.0
1755,[899036.25],786027.06,[113009.21],0.0
1756,[2115123.2],2002137.8,[112985.984],0.0
1757,[968442.2],855480.2,[112962.01],0.0
1758,[1054816.4],941880.44,[112936.21],0.0
1759,[1231894.5],1118984.2,[112908.04],0.0
1760,[298682.38],185804.94,[112877.76],0.0
1761,[247022.89],134174.03,[112848.664],0.0
1762,[1659512.6],1546690.4,[112820.875],0.0
1763,[228829.33],116038.32,[112791.05],0.0
1764,[1973318.9],1860558.2,[112759.03],0.0
1765,[1050255.4],937529.3,[112725.055],0.0
1766,[296443.88],183754.52,[112689.266],0.0
1767,[245357.5],132703.25,[112654.555],0.0
1768,[846816.4],734197.1,[112619.35],0.0
1769,[829327.7],716737.6,[112590.17],0.0
1770,[192460.28],79897.91,[112562.5],0.0
1771,[5024133.5],4911604.5,[112534.04],0.0
1772,[714820.6],602313.7,[112507.49],0.0
1773,[214015.11],101532.52,[112482.36],0.0
1774,[1191458.6],1078998.6,[112456.75],0.0
1775,[462773.9],350343.9,[112430.47],0.0
1776,[264623.88],152218.27,[112405.945],0.0
1777,[575302.06],462920.12,[112382.],0.0
1778,[1014892.6],902536.25,[112357.516],0.0
1779,[304200.12],191869.3,[112330.414],0.0
1780,[1802452.1],1690146.1,[112304.03],0.0
1781,[521003.38],408726.75,[112276.71],0.0
1782,[468207.6],355957.12,[112250.58],0.0
1783,[740706.1],628483.2,[112223.17],0.0
1784,[514863.8],402669.0,[112194.84],0.0
1785,[987216.9],875048.5,[112167.64],0.0
1786,[4411185.5],4299044.0,[112142.43],0.0
1787,[1140924.],1028807.0,[112117.39],0.0
1788,[983454.5],871360.25,[112093.85],0.0
1789,[257956.62],145888.45,[112068.17],0.0
1790,[1361293.],1249250.6,[112042.59],0.0
1791,[1284796.1],1172777.4,[112019.48],0.0
1792,[1690331.4],1578333.5,[111998.08],0.0
1793,[391746.6],279771.16,[111975.5],0.0
1794,[369866.4],257914.47,[111952.11],0.0
1795,[1672838.5],1560908.4,[111930.17],0.0
1796,[4699863.],4587954.5,[111909.34],0.0
1797,[551998.3],440107.75,[111890.8],0.0
1798,[206058.62],94188.125,[111870.61],0.0
1799,[1138564.4],1026716.8,[111846.28],0.0
1800,[207243.47],95419.836,[111823.53],0.0
1801,[3157382.2],3045578.0,[111804.45],0.0
1802,[1114547.4],1002763.75,[111784.36],0.0
1803,[1557953.4],1446193.8,[111761.914],0.0
1804,[158194.8],46458.35,[111736.27],0.0
1805,[615204.25],503489.78,[111713.94],0.0
1806,[236375.53],124683.7,[111691.65],0.0
1807,[1716920.4],1605252.9,[111668.54],0.0
1808,[411260.28],299614.56,[111646.38],0.0
1809,[325115.47],213488.58,[111626.766],0.0
1810,[2430264.2],2318657.8,[111606.555],0.0
1811,[1513500.4],1401917.5,[111582.625],0.0
1812,[241522.16],129962.62,[111559.39],0.0
1813,[657121.3],545584.06,[111536.83],0.0
1814,[1684465.6],1572950.4,[111514.64],0.0
1815,[799761.5],688272.75,[111488.48],0.0
1816,[1147453.9],1035993.4,[111460.12],0.0
1817,[484706.1],373272.5,[111433.86],0.0
1818,[701509.7],590103.1,[111406.15],0.0
1819,[454120.56],342739.34,[111381.47],0.0
1820,[1901374.2],1790018.0,[111355.55],0.0
1821,[519598.94],408269.4,[111329.54],0.0
1822,[808248.4],696944.56,[111303.09],0.0
1823,[947441.75],836164.1,[111277.36],0.0
1824,[2341878.5],2230625.5,[111251.875],0.0
1825,[1124950.5],1013724.9,[111226.875],0.0
1826,[701472.],590271.56,[111200.55],0.0
1827,[1936356.2],1825183.2,[111172.945],0.0
1828,[1417337.6],1306195.1,[111142.93],0.0
1829,[850878.],739761.7,[111117.43],0.0
1830,[709296.7],598205.1,[111091.9],0.0
1831,[2075868.1],1964802.6,[111066.3],0.0
1832,[2053636.1],1942597.5,[111040.84],0.0
1833,[3116209.],3005188.5,[111017.875],0.0
1834,[2120223.2],2009227.0,[110995.51],0.0
1835,[187667.88],76693.46,[110974.21],0.0
1836,[1078336.6],967384.44,[110952.234],0.0
1837,[545820.44],434891.25,[110929.12],0.0
1838,[2930103.],2819195.0,[110907.55],0.0
1839,[1194681.],1083792.8,[110888.086],0.0
1840,[992152.6],881283.7,[110869.39],0.0
1841,[801803.5],690953.7,[110848.805],0.0
1842,[688732.5],577904.3,[110828.414],0.0
1843,[350229.94],239422.31,[110808.086],0.0
1844,[461152.47],350363.28,[110788.91],0.0
1845,[2268628.2],2157859.0,[110768.99],0.0
1846,[1105522.8],994774.2,[110748.89],0.0
1847,[3570339.5],3459608.2,[110728.78],0.0
1848,[1228928.6],1118222.8,[110707.25],0.0
1849,[937719.5],827031.75,[110687.51],0.0
1850,[3460095.],3349425.0,[110667.83],0.0
1851,[763994.5],653343.56,[110651.695],0.0
1852,[1017700.56],907066.7,[110633.81],0.0
1853,[461666.38],351051.56,[110614.62],0.0
1854,[3673888.8],3563292.5,[110595.02],0.0
1855,[1198188.],1087613.2,[110574.8],0.0
1856,[335075.44],224522.72,[110553.01],0.0
1857,[1381794.4],1271262.6,[110531.75],0.0
1858,[2800907.8],2690392.5,[110510.63],0.0
1859,[750957.25],640467.5,[110490.16],0.0
1860,[1221078.5],1110611.0,[110468.95],0.0
1861,[489905.56],379457.94,[110447.445],0.0
1862,[1235164.2],1124738.0,[110427.61],0.0
1863,[1080177.6],969769.0,[110408.87],0.0
1864,[1100624.9],990235.8,[110388.99],0.0
1865,[1644693.6],1534324.0,[110369.4],0.0
1866,[367270.8],256920.47,[110350.695],0.0
1867,[991179.94],880848.25,[110331.97],0.0
1868,[3644178.8],3533868.8,[110310.11],0.0
1869,[4022828.5],3912537.5,[110289.09],0.0
1870,[2050935.9],1940664.6,[110270.27],0.0
1871,[2734588.],2624337.2,[110251.42],0.0
1872,[186966.83],76736.92,[110230.2],0.0
1873,[1860889.6],1750682.6,[110206.945],0.0
1874,[1284381.9],1174196.4,[110186.27],0.0
1875,[465790.2],355625.44,[110164.97],0.0
1876,[210431.19],100287.586,[110143.555],0.0
1877,[817090.2],706968.94,[110121.27],0.0
1878,[338077.44],227980.25,[110096.99],0.0
1879,[594387.7],484317.16,[110070.98],0.0
1880,[1099147.4],989101.94,[110044.984],0.0
1881,[1841728.9],1731709.4,[110019.34],0.0
1882,[2217498.8],2107508.2,[109990.86],0.0
1883,[1088952.2],978987.3,[109965.28],0.0
1884,[933525.1],823579.8,[109944.305],0.0
1885,[380965.12],271040.5,[109924.75],0.0
1886,[558345.4],448441.7,[109903.9],0.0
1887,[571313.7],461430.78,[109882.414],0.0
1888,[3766384.8],3656526.8,[109859.695],0.0
1889,[642881.44],533044.5,[109836.82],0.0
1890,[317783.44],207970.88,[109813.09],0.0
1891,[260071.39],150285.0,[109786.41],0.0
1892,[609168.3],499410.6,[109758.266],0.0
1893,[1049220.4],939491.44,[109728.66],0.0
1894,[1029886.75],920185.94,[109700.25],0.0
1895,[1181724.4],1072050.1,[109675.14],0.0
1896,[404446.16],294797.9,[109647.95],0.0
1897,[1197550.9],1087929.9,[109623.01],0.0
1898,[1701102.6],1591501.8,[109600.09],0.0
1899,[1999809.8],1890228.8,[109581.266],0.0
1900,[298038.3],188476.33,[109562.336],0.0
1901,[924255.25],814715.3,[109540.97],0.0
1902,[432948.84],323428.16,[109520.53],0.0
1903,[2890141.8],2780641.5,[109500.61],0.0
1904,[1635044.],1525560.6,[109483.01],0.0
1905,[3244943.],3135481.5,[109463.016],0.0
1906,[807970.9],698530.06,[109440.96],0.0
1907,[2346520.8],2237101.0,[109420.34],0.0
1908,[550158.5],440759.34,[109399.09],0.0
1909,[986579.06],877201.25,[109377.14],0.0
1910,[1774355.4],1665001.4,[109353.76],0.0
1911,[696469.25],587140.2,[109328.57],0.0
1912,[1244299.4],1134996.1,[109303.34],0.0
1913,[209022.4],99743.266,[109279.195],0.0
1914,[1344063.6],1234809.6,[109254.13],0.0
1915,[660388.2],551156.6,[109231.44],0.0
1916,[1594680.9],1485470.0,[109210.47],0.0
1917,[1164497.8],1055307.2,[109191.01],0.0
1918,[1881276.1],1772110.4,[109169.86],0.0
1919,[1213897.4],1104751.8,[109148.99],0.0
1920,[1103768.9],994640.56,[109127.08],0.0
1921,[4473137.5],4364034.0,[109104.94],0.0
1922,[6920731.5],6811650.5,[109086.29],0.0
1923,[1104262.2],995192.0,[109069.61],0.0
1924,[484984.75],375933.47,[109051.28],0.0
1925,[1496096.5],1387062.4,[109032.33],0.0
1926,[1463546.9],1354532.9,[109014.08],0.0
1927,[355771.94],246776.69,[108995.41],0.0
1928,[497344.3],388369.0,[108975.195],0.0
1929,[570313.6],461358.53,[108954.98],0.0
1930,[1877293.1],1768360.1,[108935.42],0.0
1931,[2030117.],1921203.9,[108915.43],0.0
1932,[1009664.9],900769.56,[108895.18],0.0
1933,[3884003.8],3775129.2,[108873.625],0.0
1934,[618574.94],509724.03,[108850.84],0.0
1935,[1739789.5],1630962.4,[108827.15],0.0
1936,[2507446.5],2398643.0,[108804.5],0.0
1937,[326973.97],218189.14,[108784.88],0.0
1938,[1175234.4],1066473.1,[108762.86],0.0
1939,[607293.9],498555.0,[108739.5],0.0
1940,[1094576.5],985860.4,[108715.91],0.0
1941,[3218737.],3110042.8,[108692.4],0.0
1942,[2444875.8],2336206.0,[108668.125],0.0
1943,[521292.9],412647.44,[108645.34],0.0
1944,[1719653.2],1611029.6,[108622.45],0.0
1945,[1142427.],1033827.06,[108600.35],0.0
1946,[453771.9],345192.16,[108579.48],0.0
1947,[154714.61],46156.23,[108558.25],0.0
1948,[290492.34],181955.95,[108536.71],0.0
1949,[206740.92],98226.4,[108514.26],0.0
1950,[2307007.5],2198517.8,[108489.18],0.0
1951,[853436.25],744971.7,[108464.34],0.0
1952,[476337.5],367898.0,[108439.64],0.0
1953,[383107.06],274692.66,[108414.96],0.0
1954,[3389628.2],3281236.2,[108388.87],0.0
1955,[1759556.9],1651192.6,[108363.9],0.0
1956,[543204.1],434864.53,[108338.984],0.0
1957,[1406050.1],1297737.2,[108313.63],0.0
1958,[2822436.5],2714147.5,[108288.46],0.0
1959,[1060005.5],951739.7,[108264.92],0.0
1960,[713270.25],605026.2,[108243.17],0.0
1961,[727829.6],619607.3,[108222.31],0.0
1962,[235472.23],127270.586,[108201.78],0.0
1963,[186535.52],78355.15,[108180.44],0.0
1964,[347433.8],239276.67,[108157.41],0.0
1965,[4676324.],4568190.5,[108134.3],0.0
1966,[946707.56],838593.9,[108113.41],0.0
1967,[1022197.56],914106.25,[108090.94],0.0
1968,[243987.],135921.84,[108065.336],0.0
1969,[2463452.],2355413.8,[108037.75],0.0
1970,[1586575.1],1478565.8,[108009.25],0.0
1971,[2290603.8],2182617.2,[107984.234],0.0
1972,[634301.5],526343.9,[107958.445],0.0
1973,[3356807.],3248870.8,[107934.92],0.0
1974,[258680.73],150772.39,[107908.42],0.0
1975,[581807.1],473927.25,[107879.79],0.0
1976,[887622.06],779769.44,[107852.5],0.0
1977,[2900426.2],2792593.0,[107831.38],0.0
1978,[237178.52],129370.19,[107808.25],0.0
1979,[1187310.6],1079526.6,[107785.2],0.0
1980,[215350.72],107590.08,[107760.46],0.0
1981,[876350.75],768613.4,[107736.41],0.0
1982,[367587.6],259872.4,[107714.86],0.0
1983,[2112465.8],2004769.9,[107696.08],0.0
1984,[302684.78],195008.92,[107675.82],0.0
1985,[787365.56],679713.56,[107652.07],0.0
1986,[624691.75],517062.2,[107629.22],0.0
1987,[2359499.8],2251892.8,[107605.87],0.0
1988,[880406.2],772823.6,[107582.25],0.0
1989,[605072.6],497512.1,[107560.62],0.0
1990,[1279263.4],1171723.1,[107539.01],0.0
1991,[769319.],661803.75,[107514.95],0.0
1992,[395272.4],287783.34,[107489.18],0.0
1993,[1691582.4],1584116.9,[107465.44],0.0
1994,[479480.47],372036.22,[107444.016],0.0
1995,[3528737.8],3421314.2,[107423.1],0.0
1996,[2213841.5],2106436.0,[107405.18],0.0
1997,[453387.12],346001.66,[107385.375],0.0
1998,[369735.3],262368.78,[107366.18],0.0
1999,[2955965.],2848614.0,[107350.234],0.0
2000,[377842.28],270507.2,[107334.99],0.0
